Date,Open,High,Low,Close,Volume
10/13/2020,117.24534606933594,118.13642827488555,116.77074167302433,117.27440197327354,13100
10/14/2020,116.19929504394531,117.8933237910832,115.6171867295784,117.51655027920587,37800
10/15/2020,115.3634033203125,115.53096246499992,114.08682802054687,114.32025065615376,30600
10/16/2020,114.77549743652344,116.62546891689631,114.77549743652344,116.13149635251199,51000
10/19/2020,112.7899169921875,116.063686680091,112.58167809360611,116.063686680091,50600
10/20/2020,113.21607971191406,114.37448791877718,112.63493953373099,113.23545523862586,49800
10/21/2020,113.36136627197266,114.29119203226301,113.00299292483646,113.27419118122137,28200
10/22/2020,113.05142974853516,113.66065781711056,111.83103014694746,113.42917125076016,24800
10/23/2020,113.32263946533203,113.32263946533203,112.17003931464531,113.3129517005634,40600
10/26/2020,111.55982971191406,113.30325768033718,110.27066253060099,112.36374413010908,74400
10/27/2020,112.44123077392578,112.7899163883992,111.5210926960425,111.98600931187336,46900
10/28/2020,108.17951965332031,110.68811087556381,107.99548910094326,110.68811087556381,138800
10/29/2020,109.94233703613281,111.06490588863339,108.48076291296688,108.63476955796507,79600
10/30/2020,107.37561798095703,109.45804393468458,106.24239341181193,109.15778235743147,130600
11/02/2020,107.41436004638672,108.71223964168533,106.25207220160699,108.14078717827446,74100
11/03/2020,109.86581420898438,110.05855712883769,107.81147603120951,108.19890533554528,61800
11/04/2020,114.08779907226562,114.82585001542373,112.32500292759458,112.78991213629978,109700
11/05/2020,117.11941528320312,117.48650836352287,116.24770130651537,116.7223056541333,146500
11/06/2020,117.19690704345703,117.40999351132638,115.33240783919892,116.83853367571325,47100
11/09/2020,114.77549743652344,118.85317455996359,114.77549743652344,118.36888976065336,154000
11/10/2020,112.66111755371094,113.98127698488713,111.72547595899383,113.46793625147423,84200
11/11/2020,115.36631774902344,115.45348546004799,113.77786430493921,113.77786430493921,65800
11/12/2020,114.69799041748047,116.1702200929828,114.29119302935416,115.7246790408066,44900
11/13/2020,115.79248809814453,115.85834420387005,114.58468032070756,115.44380248270869,39900
11/16/2020,116.29613494873047,116.70390038647426,115.28882182200124,115.70530698603737,47000
11/17/2020,116.28646087646484,116.83854523894723,116.09274991719361,116.77074566424236,29000
11/18/2020,115.79054260253906,116.68356822879804,115.65494346442577,116.0927402457621,35200
11/19/2020,116.35426330566406,116.35426330566406,115.07575173014996,115.23072641304844,52700
11/20/2020,115.63750457763672,116.51793827557803,115.63750457763672,116.29613209086692,37000
11/23/2020,115.55034637451172,116.39299712525424,114.63988866354036,116.00556784039841,50500
11/24/2020,117.23564910888672,117.30344867595602,115.33240626467206,116.0346250395453,90900
11/25/2020,117.89331817626953,118.11608503347048,117.38288161217623,117.57465649037167,44200
11/27/2020,118.89190673828125,119.4246229218687,118.57421310303653,118.69819579312156,35500
11/30/2020,119.14373016357422,119.28901705905486,117.33250263105887,119.10498649880614,84000
12/01/2020,120.79998779296875,121.38112800817264,119.7917066006985,120.1704161474984,92800
12/02/2020,120.91622924804688,120.99371659206993,119.56023767564251,120.25760899265038,140900
12/03/2020,121.0905532836914,121.66491723245963,120.8193550113013,121.02275371559388,93200
12/04/2020,121.50704956054688,121.58453689962514,120.85810972236496,121.11962764435428,74300
12/07/2020,121.8750991821289,122.35841588366982,121.5361013427712,121.67170047851428,76700
12/08/2020,122.62574768066406,122.73713110669392,121.37047649512083,122.05912800700135,54800
12/09/2020,119.95732879638672,122.64027039810523,119.49145154604838,122.6112071063996,148700
12/10/2020,120.35445404052734,120.75156371240774,118.592625797171,119.08562290838448,128300
12/11/2020,120.07357788085938,120.12200192846534,118.75632259653987,119.66678041089007,54200
12/14/2020,120.96463775634766,121.74917664447051,120.62563992750435,120.62563992750435,184100
12/15/2020,122.26255798339844,122.26255798339844,121.07121398634857,121.93324043876333,64300
12/16/2020,122.92117309570312,123.24079545180079,122.02040306030126,122.4659441953947,84900
12/17/2020,123.74446105957031,123.77061285404496,123.10520154094586,123.60886189918331,57900
12/18/2020,123.4248275756836,124.08345521608801,122.39814613813544,124.08345521608801,84300
12/21/2020,123.10079956054688,123.27542468147732,121.06351141740166,122.35379662196742,85100
12/22/2020,123.4403305053711,123.84779400294795,122.51870256416613,123.45003395572301,59000
12/23/2020,122.8776626586914,123.69257489347399,122.82915280595059,123.69257489347399,69000
12/24/2020,123.39183044433594,123.56645554622953,122.98339733397722,123.16869549130806,32000
12/28/2020,124.64329528808594,124.81695077614032,123.76047377509961,124.5947854394495,59200
12/29/2020,124.7888412475586,125.42912100314285,124.42406253308545,125.22540033645267,66600
12/30/2020,124.69181823730469,125.4970344392609,124.50748967499642,125.4970344392609,89900
12/31/2020,125.06047058105469,125.15069564886065,124.3668255888886,124.93434792679597,73500
01/04/2021,123.28512573242188,125.72987737784298,121.70379622324262,125.72987737784298,160800
01/05/2021,124.26981353759766,124.34257091833173,122.97468034957856,122.97468034957856,66600
01/06/2021,122.55750274658203,124.25524379540545,122.00452452959924,122.59630914445707,469300
01/07/2021,125.59406280517578,125.85986780782476,123.77019876160395,123.77019876160395,97100
01/08/2021,127.22386169433594,127.28206758980684,125.63283640458062,126.62238103696717,78400
01/11/2021,125.32240295410156,126.41866348431664,125.11092545147312,126.10822706351156,69500
01/12/2021,125.28359985351562,125.7589727234377,124.12913345736821,125.42911460801798,122100
01/13/2021,125.96266174316406,126.26340202902124,125.07013693241458,125.14774971636561,56600
01/14/2021,125.28359985351562,126.52149668266155,125.14778114827055,126.3798603478621,90000
01/15/2021,124.27467346191406,125.6328606285382,123.89631286370884,124.9828699985731,102700
01/19/2021,126.14700317382812,126.29251790668593,124.95082173910714,125.34178711138662,82300
01/20/2021,129.09628295898438,129.4261263573875,127.52464918441031,127.75748765552972,120500
01/21/2021,130.14398193359375,130.35935264690343,129.07683921919545,129.70742287756133,159700
01/22/2021,129.78504943847656,130.12460363090472,129.50371595573625,129.62012776885229,124900
01/25/2021,130.60964965820312,131.62828245038352,128.30071708258944,131.26933622087716,155200
01/26/2021,131.0074005126953,131.31979092042832,130.45442967059387,131.22083201052476,75600
01/27/2021,127.52461242675781,130.23130521198928,126.60298446598358,130.23130521198928,148600
01/28/2021,128.1358184814453,130.05668742163888,127.68760931404385,127.97089681112297,88600
01/29/2021,125.50672149658203,127.71863447954652,124.7500152025746,127.58281578070232,119300
02/01/2021,128.58206176757812,128.9119198809068,126.08881523642833,127.00074716720518,131300
02/02/2021,130.69210815429688,131.00739997379816,129.755928744517,129.82384549496877,111600
02/03/2021,130.2118682861328,131.6476677719447,130.2118682861328,131.6476677719447,93100
02/04/2021,131.5991668701172,131.6185737680763,130.1633672867858,130.8424606840962,76200
02/05/2021,132.12307739257812,132.49657513918612,131.43427299927558,132.1909793450846,182400
02/08/2021,132.94766235351562,133.0243129417781,132.13275024771232,132.90886335934107,105200
02/09/2021,132.9185791015625,133.45215787006268,132.7536574464131,132.7536574464131,101700
02/10/2021,132.58872985839844,133.6073774975673,131.45367042153984,133.53946074682972,104500
02/11/2021,133.33477783203125,133.52977945721756,132.4238228475391,133.46187750210257,136200
02/12/2021,134.16036987304688,134.16036987304688,132.66636395143183,132.93800139172546,87100
02/16/2021,133.79171752929688,134.7812475008465,133.33381233512006,134.59693373972743,106500
02/17/2021,133.1320037841797,133.16110673341245,131.64769416079707,132.6857486938586,105000
02/18/2021,132.5693359375,132.81187040851856,130.96569813355023,131.77383057018633,99800
02/19/2021,131.8999786376953,133.23875910945569,131.64773326524764,133.23875910945569,93500
02/22/2021,128.59178161621094,130.59026332187472,128.52386485770313,130.27981208834694,156800
02/23/2021,128.2134246826172,128.7954985237869,124.06608380059288,126.46717355284972,210100
02/24/2021,129.2611541748047,129.3193600690689,125.97626633993674,127.00073152774176,163900
02/25/2021,124.69181823730469,129.11564452018732,124.14854340300387,128.232815512884,250600
02/26/2021,125.84629821777344,127.06866672662235,124.06997435737875,125.94040171896329,178100
03/01/2021,128.98953247070312,129.12535117486277,126.86976887620185,127.31118336550283,91900
03/02/2021,126.8940200805664,129.38726638904308,126.8940200805664,129.38726638904308,93700
03/03/2021,123.2560043334961,126.70969236159091,123.2560043334961,126.42835892692969,142900
03/04/2021,121.1799087524414,124.37165540620165,119.6761922936211,123.22689257602947,206300
03/05/2021,123.18810272216797,123.40055721876327,118.67696041247666,122.63512446495189,223100
03/08/2021,119.56949615478516,123.57616301654446,119.55979270334866,122.97468225564761,160400
03/09/2021,124.41047668457031,125.04106033272832,122.31497548578278,122.57690943484921,169500
03/10/2021,123.88660430908203,126.12762044326753,123.69257969371775,126.12762044326753,177200
03/11/2021,126.8746337890625,127.4567224522014,125.63091924730622,126.06941755307653,144500
03/12/2021,125.749267578125,125.79777743287026,124.20481268793972,125.08958092360325,119700
03/15/2021,127.12681579589844,127.18503648249569,125.4300521195318,125.97236456638922,91200
03/16/2021,127.79631042480469,129.21271881529447,127.25983000007156,127.99033511857631,144600
03/17/2021,128.31045532226562,128.94105394725244,125.9045170626707,126.62242456087456,69200
03/18/2021,124.43959045410156,126.71940559831486,124.2067520329487,126.46717507774626,155600
03/19/2021,124.9343490600586,125.47762387851883,123.45974280928182,124.43958409391699,128400
03/22/2021,127.2237548828125,128.00081546826294,125.78620243350782,125.99018658040275,74100
03/23/2021,126.56327819824219,128.1173847343359,126.43700157686719,127.69001544121993,91100
03/24/2021,124.52349090576172,127.35974967402286,124.52349090576172,127.35974967402286,130400
03/25/2021,124.30978393554688,124.75659113433922,122.73623974020134,123.75613073154352,165200
03/26/2021,126.2136001586914,126.2136001586914,123.6978719841921,124.25152530281167,76200
03/29/2021,125.9416275024414,126.48362393195274,124.77312416620924,125.79592029419054,151900
03/30/2021,125.50453186035156,125.6162244134346,124.36807198969072,125.3005477032282,106300
03/31/2021,127.45686340332031,127.93766301046682,126.24271100450892,126.27184947638469,159400
04/01/2021,129.56460571289062,129.59374417926182,128.7584068938364,128.84582229294995,99100
04/05/2021,132.19692993164062,132.36205289285107,130.55539338269324,130.69137786964285,166500
04/06/2021,131.99781799316406,132.79915574359862,131.75983400554264,132.1192332529632,75600
04/07/2021,132.36203002929688,132.70198377735028,131.58496960043993,131.9832151081434,139000
04/08/2021,133.73162841796875,133.78019749040607,133.24596733599554,133.60536661507172,99800
04/09/2021,134.5281219482422,134.6242818955184,132.92544627950497,133.2459695562922,89100
04/12/2021,134.42124938964844,134.54752599093095,133.67332730860167,134.25612643015452,94400
04/13/2021,135.95596313476562,136.0725170505077,135.01377945931756,135.0332100523412,73400
04/14/2021,134.29501342773438,136.1405346569982,133.99390589158548,136.1405346569982,164200
04/15/2021,136.31529235839844,136.47070739721846,135.4799550512332,135.4799550512332,148200
04/16/2021,136.55816650390625,136.6067355717312,135.81510571189992,136.57759709527596,64800
04/19/2021,135.32460021972656,136.29592230632971,134.52810899453652,135.9170924642036,88000
04/20/2021,134.28530883789062,135.43924317622447,133.49077383128363,135.11093872667678,94300
04/21/2021,135.4022979736328,135.48486687538866,133.55679186901347,133.77048392169985,92000
04/22/2021,133.8870391845703,135.63542198728223,133.3625317543565,135.36345297588255,95300
04/23/2021,135.4993896484375,135.99475842550078,134.16674196302196,134.21723777199946,77100
04/26/2021,136.3736114501953,136.45131899362727,135.31973531377113,135.68398108668427,71000
04/27/2021,135.68399047851562,136.5581744655374,135.41202146827777,136.5581744655374,86000
04/28/2021,135.25662231445312,136.00454459137066,135.11092990650872,135.66457587789873,98000
04/29/2021,135.78111267089844,136.8107265681897,134.51840577150986,136.75243479116617,105500
04/30/2021,134.84866333007812,135.70343161219353,134.59222691696326,134.80980214205437,151000
05/03/2021,134.17843627929688,135.7034191129547,134.01331329840642,135.42172739993035,155700
05/04/2021,131.9152374267578,133.13911262284375,130.2542851194946,133.13911262284375,179900
05/05/2021,131.35189819335938,132.94486602351662,130.99251371875826,132.76031243238612,100600
05/06/2021,132.34263610839844,132.37177458569886,130.38056131670885,131.2547600993186,96900
05/07/2021,133.48878479003906,134.32412236198635,133.0468462914261,133.6053535167005,177400
05/10/2021,130.09889221191406,132.8963047696951,129.94347710954847,132.8963047696951,169000
05/11/2021,129.91433715820312,130.1765982878229,127.34033939719339,127.6705853700777,145000
05/12/2021,126.52439880371094,128.67588830495177,126.18444499530274,127.86482791093675,210800
05/13/2021,127.45686340332031,128.56416979818846,126.5341105444629,127.67055541120682,105100
05/14/2021,130.34170532226562,130.64281277958526,128.64189177308887,128.95270711505825,106100
05/17/2021,129.4772491455078,129.80749512856704,128.4185115297708,129.64237213703743,70800
05/18/2021,128.56417846679688,130.36113006667807,128.56417846679688,130.02116144360954,95200
05/19/2021,128.84585571289062,128.84585571289062,126.4321199811147,126.4855503974496,100500
05/20/2021,131.24502563476562,131.58595764559635,129.38981185431462,129.38981185431462,73700
05/21/2021,130.47767639160156,132.03178258397932,130.39996885880322,132.03178258397932,177600
05/24/2021,132.7117156982422,133.19737664735828,131.4004252071504,131.48784062090425,115900
05/25/2021,132.9642791748047,133.65392437415855,132.48347948713328,133.37223267058633,166100
05/26/2021,133.40135192871094,133.55676699648495,132.91569095781463,133.1973826208046,111300
05/27/2021,132.9642791748047,133.5082171691802,132.86617766023326,133.27510935513283,83100
05/28/2021,133.29449462890625,133.954023001492,133.18764863151372,133.52761721081598,193900
06/01/2021,132.8865509033203,134.0035800158022,132.41061264307353,133.8967340106291,118900
06/02/2021,133.1002655029297,133.46159151238896,132.42034300061445,133.01285007146038,93100
06/03/2021,131.70155334472656,132.3843955922845,131.1284768916949,131.9929529242811,83500
06/04/2021,133.9938507080078,134.14926576627317,132.50772941368507,132.50772941368507,93100
06/07/2021,134.36297607421875,134.39211454896443,133.57620761369037,133.8190381173694,100000
06/08/2021,134.38241577148438,135.4168613374548,133.77047811795924,135.0526155572515,69600
06/09/2021,134.49899291992188,135.295469456575,134.41740220676616,135.01379252587117,138600
06/10/2021,135.86367797851562,135.86853933177215,134.4989716213353,134.72237155315156,90800
06/11/2021,136.19879150390625,136.20267465820913,135.69369984173622,135.98509944764967,71400
06/14/2021,137.4449920654297,137.4449920654297,136.04336614339672,136.42218115615185,60700
06/15/2021,136.6941375732422,137.54890565515976,136.42216860557699,137.54890565515976,60300
06/16/2021,136.1501922607422,137.24779077725972,134.7223478472677,136.91754488030276,134300
06/17/2021,137.86949157714844,138.2483066866411,135.82000090240555,135.82000090240555,136500
06/18/2021,136.75242614746094,137.54891734991236,136.54845681496863,137.374071672292,94400
06/21/2021,137.6296844482422,137.69777211918634,135.97630268983752,136.93916149073738,99800
06/22/2021,138.9232177734375,139.07883401654624,137.53243655665528,137.66859705928,95700
06/23/2021,138.9232177734375,139.43868359340115,138.8133247465235,139.0204816354759,106500
06/24/2021,139.77908325195312,140.42098908307617,139.54565890234997,139.8179798900299,252000
06/25/2021,139.68182373046875,140.1486724441612,139.46785511345504,140.1486724441612,70300
06/28/2021,141.39358520507812,141.41692912687097,140.26538964084716,140.26538964084716,159900
06/29/2021,141.85067749023438,141.88957412715993,141.02397926185756,141.41300499263468,85600
06/30/2021,141.73399353027344,141.94796218810615,141.49084867731662,141.88960979785796,88000
07/01/2021,141.73399353027344,141.85071315115388,141.0240147149471,141.59783300623297,278300
07/02/2021,143.32901000976562,143.4651705213021,142.45369455565734,142.54122313299163,148500
07/06/2021,143.90284729003906,144.0380283402621,142.50233065027098,143.67914335425445,104100
07/07/2021,144.1848602294922,145.05045508683313,143.52351352517786,145.05045508683313,214500
07/08/2021,143.39706420898438,143.7277375397495,141.69505079193056,142.12298796839335,288600
07/09/2021,144.27243041992188,144.44750243594223,142.92541323944198,143.18314619716224,191300
07/12/2021,144.86566162109375,145.0309982959726,144.22375581953108,144.92401399571216,162800
07/13/2021,144.85594177246094,146.03275423982294,144.6089088040165,144.7003255459135,259600
07/14/2021,145.08938598632812,146.0619653743809,144.86569688238342,145.79937962468293,258800
07/15/2021,144.0779266357422,145.11859382484485,143.3144481660232,145.06022658888085,281000
07/16/2021,142.9302520751953,144.8364990807836,142.8038120246884,144.4280175795861,207900
07/19/2021,141.78262329101562,141.9187838129645,140.7808676994523,141.5297579903631,329600
07/20/2021,143.41653442382812,144.0000730357833,141.4713760365494,142.1813546925995,195700
07/21/2021,144.4474639892578,144.47664017743148,143.25118091261527,143.29009239043387,203800
07/22/2021,145.4687042236328,145.4687042236328,144.64200581883455,144.64200581883455,171800
07/23/2021,147.0734405517578,147.2679534405317,145.60485117507545,146.09114081720128,189800
07/26/2021,147.27767944335938,147.43329569639823,146.59396817178265,146.88865365114492,288500
07/27/2021,145.69239807128906,147.1707229245731,143.98064881789153,147.1707229245731,321400
07/28/2021,146.21759033203125,146.83032013185925,145.23529043423008,146.11060599936897,328000
07/29/2021,146.47044372558594,146.92755716886583,146.0386182930634,146.09113840460705,197700
07/30/2021,145.73130798339844,145.94527665955025,144.85599237396676,144.88516857158876,202900
08/02/2021,145.72154235839844,146.59685769648894,145.49785329917634,146.4412563042018,257600
08/03/2021,146.60658264160156,146.64547927683358,144.74895295120396,146.07166115478816,446300
08/04/2021,146.8302459716797,147.19983072336973,146.21266367800874,146.61627741442516,287800
08/05/2021,147.7542266845703,147.83203479952098,146.90808755010008,147.19012898146332,176900
08/06/2021,147.1123504638672,147.59864014985953,146.7233246512267,147.29714291900564,186700
08/09/2021,147.38465881347656,147.58890699377977,146.85947252758316,147.34576217171426,135400
08/10/2021,146.63575744628906,147.70462094478222,146.14946788838304,147.59860127310006,255300
08/11/2021,146.3731689453125,147.29711621310375,145.83824741962889,147.1414999801084,190100
08/12/2021,146.9081268310547,147.03455206632074,145.62431485166795,146.15923650974577,173900
08/13/2021,147.41383361816406,147.54025882026153,146.84973591222126,147.06370451931613,161100
08/16/2021,147.49168395996094,147.50141925338326,145.36174719494252,147.00539418120687,346400
08/17/2021,146.1884002685547,146.74763042881105,145.19636517255233,146.3663809843139,381100
08/18/2021,144.7878875732422,146.50158087039532,144.65172705363725,145.89662747299198,207400
08/19/2021,145.4687042236328,146.1057425269461,143.8833950936617,143.97092367570852,344500
08/20/2021,146.97618103027344,147.14151773263598,145.82854456432773,145.95498462393897,224800
08/23/2021,149.15478515625,149.44169431336664,147.41387446922795,147.41387446922795,409000
08/24/2021,149.6507568359375,149.87834891691986,149.2422753525625,149.42706777512328,208200
08/25/2021,149.73829650878906,150.03979367897287,149.45624023705676,149.78691359529833,296200
08/26/2021,148.87271118164062,149.73830611041282,148.70735965153656,149.5340579405311,341400
08/27/2021,150.29266357421875,150.48717644741797,148.92132333153563,149.09639530568163,224400
08/30/2021,151.9947052001953,152.18436530377878,150.6330999964563,150.6330999964563,822800
08/31/2021,151.8488006591797,152.09194546784917,151.2360709924106,152.09194546784917,277800
09/01/2021,152.12109375,152.9575123319915,152.05300609268062,152.33506232960562,376700
09/02/2021,152.06277465820312,152.8116500103266,151.58620547381207,152.67548950626943,330600
09/03/2021,152.5198974609375,152.64632268221715,151.6542876115656,151.6542876115656,214500
09/07/2021,152.73385620117188,152.99645678374202,152.0919651021096,152.558799039714,293900
09/08/2021,152.21839904785156,152.6463363653312,151.28473111915434,152.6463363653312,348100
09/09/2021,151.68348693847656,152.7241391601621,151.59594351540963,152.28648140636196,317100
09/10/2021,150.5552978515625,152.66579342147327,150.40940203368515,152.4129281136905,344400
09/13/2021,150.4385528564453,151.65427693179305,149.58269319886014,151.49867552883867,335200
09/14/2021,150.0106201171875,151.3041522251227,149.6215795356389,151.0512721370209,326700
09/15/2021,151.0999298095703,151.24581077726864,149.29093160819446,150.19542328869073,445500
09/16/2021,151.20687866210938,151.44030299605262,149.78690660128595,150.58442861197386,446100
09/17/2021,149.4562225341797,150.9053706777142,149.02828537284714,150.9053706777142,358200
09/20/2021,146.43411254882812,147.89455920931417,144.43818066464254,147.10592038968076,1770000
09/21/2021,146.4827880859375,147.55378818047356,146.1030725717712,147.2714268571728,992800
09/22/2021,147.8653564453125,148.47874881743627,146.48280200958757,146.96961757948083,403500
09/23/2021,149.2089385986328,149.6665463198803,148.17689219971004,148.38134637345874,319200
09/24/2021,149.39395141601562,149.5497359503171,148.18664355982548,148.3132203509993,330300
09/27/2021,148.2061004638672,148.53713141253803,147.18378502221537,148.09900046795264,488600
09/28/2021,144.1460723876953,146.55774638893925,143.85398011668002,146.30753439420653,844100
09/29/2021,143.77610778808594,145.35338547125113,143.57165356952933,144.5160621016777,666800
09/30/2021,143.23085021972656,145.1099508296313,143.12375022054246,144.46736569095597,1045300
10/01/2021,144.12660217285156,144.54527124687746,141.83856327818032,143.51320986142252,786500
10/04/2021,141.18621826171875,143.51319563055364,140.18337957492562,143.42557241087562,1071800
10/05/2021,143.00694274902344,143.90268159094776,141.45885798719306,141.55622704114577,1172800
10/06/2021,143.98056030273438,144.03897578703172,141.34201369600433,141.65358275416406,729900
10/07/2021,145.2462615966797,146.32699257227364,144.97364611242443,145.2365306352526,369000
10/08/2021,144.5355224609375,145.77203802052867,144.32132244726247,145.77203802052867,449300
10/11/2021,143.43531799316406,145.32414954765187,143.40609539689007,143.8929108695417,498100
10/12/2021,142.94850158691406,144.16554026059467,142.6758712560948,144.00000992731648,307700
10/13/2021,144.04873657226562,144.29214437818578,143.04589760038922,143.90269783128693,302100
10/14/2021,146.71646118164062,146.77487666597136,145.29495335172788,145.54810692573488,232300
10/15/2021,147.66091918945312,147.69012693848765,146.79438796974978,147.31041134460492,201400
10/18/2021,149.13107299804688,149.20896526839758,146.9306720722573,147.13512628255035,314300
10/19/2021,150.1923065185547,150.27019877811443,149.30631363597516,149.637344596782,306400
10/20/2021,150.0462646484375,150.66938785532676,149.50103369946305,150.45518786016834,241200
10/21/2021,150.9906768798828,151.0588233153398,149.74443055663343,149.74443055663343,217200
10/22/2021,149.70547485351562,150.83392454257398,149.11155943795833,150.4259670342266,201300
10/25/2021,151.2535858154297,151.59434776063483,149.59840118626306,150.29941671342223,269200
10/26/2021,151.66253662109375,153.12298342530468,151.28282104625623,152.1882909337791,269900
10/27/2021,152.0908966064453,153.3176662500501,151.79880435136914,151.8961585321084,332400
10/28/2021,153.74609375,153.84344794815686,152.6069471221847,152.8016703749303,261600
10/29/2021,154.56393432617188,154.5736652886803,152.34405664688373,152.42194891624504,302800
11/01/2021,155.0215301513672,155.08676473621395,153.87263783755367,154.77812239957274,406400
11/02/2021,155.6738739013672,155.8880739290151,154.78786604668102,154.84628153487017,299700
11/03/2021,157.36798095703125,157.51401966229972,155.49861124744552,155.9367422196808,340400
11/04/2021,159.3639373779297,159.73392196405925,157.68930549015622,157.87428292678888,837700
11/05/2021,159.50999450683594,160.43494113628105,159.01344796423254,160.06495654193003,522500
11/08/2021,159.3054962158203,159.90915752587696,159.04262654781297,159.52944203788104,264900
11/09/2021,158.22476196289062,159.89940840262196,157.65032326202785,159.80205422047865,527100
11/10/2021,155.8977813720703,158.1955509849239,155.11888850514703,157.04667360671166,553600
11/11/2021,156.3164825439453,157.15380591884718,156.17042895904333,157.15380591884718,268600
11/12/2021,157.95217895507812,158.15566751099993,156.16070118590346,156.79355549744295,264200
11/15/2021,157.92295837402344,158.56555845305587,156.9201195490628,158.44872747738862,333100
11/16/2021,159.07183837890625,159.23735386701372,157.65033057452723,157.6698073544311,237800
11/17/2021,159.12051391601562,159.9383752814276,158.77975196548874,159.21788296269798,374200
11/18/2021,160.7561798095703,160.98011073074423,159.08153366768968,160.00647994390326,358000
11/19/2021,161.69091796875,162.18746446319514,161.1359411310486,161.49617987075797,3670700
11/22/2021,159.85073852539062,163.48239303551003,159.77286111511432,162.42113875743325,2194000
11/23/2021,159.0815887451172,160.15258892401602,157.27063426034496,159.3347274890242,658000
11/24/2021,159.578125,159.70470179202334,157.1440473468186,158.0690087401723,499300
11/26/2021,156.55987548828125,159.09130729920005,156.04385222136034,158.5558221079495,421500
11/29/2021,159.92861938476562,160.34728843139987,158.1663496884541,158.4389651742686,457400
11/30/2021,157.62110900878906,160.4933172508518,156.86167807987562,159.55863988746393,929700
12/01/2021,155.0215301513672,160.25966972404152,154.77812239957274,159.46128516706924,1008800
12/02/2021,156.08277893066406,156.77406345843852,153.8239627982703,154.4568169882541,1156200
12/03/2021,153.38580322265625,156.98824938550675,151.68194917238904,156.67668037094373,1172300
12/06/2021,154.57363891601562,155.09940793039237,151.87669197462347,153.444238344048,757200
12/07/2021,159.3054962158203,159.46128073818522,157.33000703902184,157.3679800734644,504900
12/08/2021,159.9675750732422,160.01625959416359,158.6239595492473,159.39313635308753,507000
12/09/2021,157.68930053710938,160.15842462555713,157.52377017535338,159.48077820742967,522400
12/10/2021,159.334716796875,159.4223548830363,157.45561598486907,158.80896256206208,562200
12/13/2021,157.0174560546875,159.3931177770594,156.8714025089447,159.35416422229002,389100
12/14/2021,155.45968627929688,156.13149415994496,153.61952397233722,155.0215552264841,525200
12/15/2021,158.81866455078125,159.03870310940763,153.68764050466498,155.35254099153448,497900
12/16/2021,154.92413330078125,159.5002100983022,154.18417921645516,159.38336429604098,620800
12/17/2021,154.07711791992188,155.71281099803215,152.81723312613383,153.3858333184909,526100
12/20/2021,152.60455322265625,152.81895509237336,151.30840187225033,152.21473975249643,768200
12/21/2021,155.9277801513672,156.0934516333262,152.45838942226837,154.00791816861894,526200
12/22/2021,157.83790588378906,157.95484696324095,155.58668601131424,155.8010879039309,436300
12/23/2021,159.09507751464844,159.65057741927632,158.01332784760288,158.0425631193798,370300
12/27/2021,161.6775665283203,161.69706165918615,159.57255337807197,159.6602591613265,329200
12/28/2021,160.9857177734375,162.14543321838326,160.6153844729178,162.13567821335832,478600
12/29/2021,160.9466552734375,161.50215497495049,159.98186191670328,161.08309144865385,284000
12/30/2021,160.32298278808594,161.67760472999353,160.20604171611535,160.84924735281626,259300
12/31/2021,159.3874053955078,160.67380164451865,159.2607093357488,160.2644930711775,356900
01/03/2022,161.034423828125,161.07339923102558,159.09506666670362,159.93317909817245,629800
01/04/2022,158.9196319580078,161.19031689024894,157.62348066101026,161.19031689024894,506700
01/05/2022,154.12484741210938,158.65650709709504,153.92020054381453,158.3154091560293,971500
01/06/2022,153.93972778320312,155.2163842721578,152.36094868922945,153.22343385392418,922500
01/07/2022,152.29273986816406,154.58292054662957,151.54233315441743,153.83739133525316,581900
01/10/2022,152.43890380859375,152.53636462544932,148.0144593134022,150.22181149424176,1057000
01/11/2022,154.57318115234375,154.68038211196364,151.2304711354212,152.11245145391408,597800
01/12/2022,155.30406188964844,156.36631627011346,154.32951331224612,155.71337050770566,426300
01/13/2022,151.5130615234375,156.0349661190033,150.97705685652582,155.74259858519414,905400
01/14/2022,152.30245971679688,152.42915579807533,150.28515177194322,150.4118329827896,1127900
01/18/2022,148.735595703125,150.7431633471232,148.19960589422845,150.07073733534608,915300
01/19/2022,146.9424285888672,150.10971136363924,146.78649725259044,149.18389321894585,816800
01/20/2022,145.02256774902344,149.8465801108357,144.75943547607199,148.16061527837365,970900
01/21/2022,140.95872497558594,145.13953240312236,140.84178388879513,144.12600828659126,1898100
01/24/2022,141.55320739746094,141.8553151338074,133.9419839607292,138.42489933470512,3964600
01/25/2022,138.2104949951172,140.67610185991072,136.96305905753388,138.9072937024649,1627800
01/26/2022,138.2007293701172,142.93703598215475,136.58297518627842,141.6116493413664,4649100
01/27/2022,136.7876434326172,140.7296907738344,136.31010926057752,140.06212735555505,956300
01/28/2022,140.99771118164062,141.07567686895115,135.46228121650142,137.51857974920958,914100
01/31/2022,145.5098419189453,145.73398392218328,140.91972656649511,141.58241244404422,815000
02/01/2022,146.5136260986328,146.75726323723123,143.96128022266288,146.0848223554307,1068300
02/02/2022,147.70257568359375,148.31654602790357,146.03610599251098,148.25319799295977,962000
02/03/2022,141.77732849121094,145.0323321701619,141.27057391760448,143.62897978386022,1426300
02/04/2022,143.40480041503906,144.84714284731777,141.13801163421928,141.99170811745213,1146800
02/07/2022,142.38156127929688,144.6522465090013,141.835801553463,143.77515868716716,583100
02/08/2022,143.9798126220703,144.36962610605894,141.41674509707286,141.93325465505185,563700
02/09/2022,146.96192932128906,147.00090472162748,145.14926836171188,145.78271899262214,665600
02/10/2022,143.76539611816406,146.88296683572713,142.9272838294693,144.15520956249338,1175700
02/11/2022,139.17527770996094,144.2916576586232,138.59055749522952,143.7459128433682,934500
02/14/2022,139.35073852539062,140.64689021626145,137.859680048243,138.87320425914308,863600
02/15/2022,142.712890625,142.82009155925337,141.03666594600023,141.47520981506202,402100
02/16/2022,142.712890625,143.1124590954381,140.5786269424113,141.8163077523493,674600
02/17/2022,138.49310302734375,141.65064586491127,138.2894227255303,141.41674884605868,544300
02/18/2022,136.93385314941406,138.99015181156366,135.9593043023372,138.89270584911714,594000
02/22/2022,135.55970764160156,137.86938291910568,134.06864956746213,135.66690857564436,987200
02/23/2022,132.02210998535156,137.0897601133373,131.92464916983096,136.83638281158943,1381100
02/24/2022,136.40757751464844,136.6999450875597,127.54698571250711,127.81205117139238,2256600
02/25/2022,138.6198272705078,138.67829781949354,135.31610741890265,136.75355798291716,1045700
02/28/2022,139.15579223632812,139.69179695653557,136.83637661046168,137.2944156558724,770000
03/01/2022,136.8461456298828,139.50665978578166,135.8910919352793,138.5808413665941,828600
03/02/2022,139.20449829101562,139.64304212340528,136.39780884146427,137.52827375218595,828300
03/03/2022,137.23594665527344,140.25703851773326,136.44654976552255,140.25703851773326,800800
03/04/2022,135.2478485107422,136.77789689389846,134.29279508182438,136.241892209658,700100
03/07/2022,130.24842834472656,135.6571766261502,130.13831278757777,135.06270132187782,1087000
03/08/2022,129.65394592285156,133.5326602586522,128.2408533536768,129.97554876197668,1688100
03/09/2022,134.20510864257812,134.77033380521917,131.9246533724698,133.07462857642983,686500
03/10/2022,132.8114776611328,133.2402814103338,130.95984133005325,132.65554632134499,707800
03/11/2022,130.082763671875,134.11739492332202,129.8683617561103,134.03942923845904,592000
03/14/2022,127.58790588378906,130.89162517130708,127.27605805229952,129.54674329252612,966200
03/15/2022,131.58355712890625,131.8271942807452,127.96797525262616,128.67939157227508,865700
03/16/2022,136.35882568359375,136.43679134881612,131.67221630948018,133.3864497551228,1140800
03/17/2022,138.0447998046875,138.0447998046875,135.12115407748257,135.63766363298762,757900
03/18/2022,140.9002227783203,141.00937173358645,136.92406314592998,137.48930305582383,883400
03/21/2022,140.5528106689453,141.41157037685326,138.70843985294096,140.6601556324338,832600
03/22/2022,143.27548217773438,143.7243685299767,140.55282995315747,140.7870412393785,523100
03/23/2022,141.23594665527344,143.52921927652417,141.20667210184587,142.15325570377374,813900
03/24/2022,144.3098907470703,144.3489185166259,141.17737990801112,141.9873438625991,511500
03/25/2022,144.2513427734375,144.72950368368177,142.4557526612169,144.34891964329395,442400
03/28/2022,146.40797424316406,146.48604466985046,143.75363929747164,144.23181507702162,637900
03/29/2022,148.98423767089844,149.22820216860222,146.98372581164514,148.17427375167253,2558300
03/30/2022,147.4033660888672,148.85738509945375,146.74954296155434,148.29140051613004,541700
03/31/2022,145.37356567382812,147.52045026949705,145.16862894455275,147.4228734049369,714800
04/01/2022,145.2467041015625,145.91029529807818,143.92930470900487,145.61753491403925,453500
04/04/2022,148.2035675048828,148.23284205716786,145.47117668885696,145.60779622965828,486800
04/05/2022,144.93443298339844,147.8912815047071,144.55384896254915,147.69611288460177,484500
04/06/2022,141.73365783691406,143.1388812114079,140.71875691651744,142.826614313881,1162600
04/07/2022,142.1044464111328,143.02175537308992,139.94780842989624,141.45062329557902,714900
04/08/2022,140.19175720214844,141.70434000846458,139.91851816634548,141.39205831588367,667800
04/11/2022,136.951904296875,138.73284211873437,136.69818658455458,138.3473889406648,678300
04/12/2022,136.25906372070312,139.46963014009197,135.69306426720362,138.72798338571954,1009400
04/13/2022,139.03048706054688,139.4110710756487,136.1126663511588,136.3761521740481,574500
04/14/2022,135.8492431640625,139.16715549308924,135.75165137597855,139.08908504070533,409100
04/18/2022,136.02484130859375,136.864079755115,134.78062835789342,135.43932057272838,482400
04/19/2022,138.971923828125,139.19636697050558,135.34173133469108,135.6832726573729,448800
04/20/2022,136.971435546875,139.46962975514163,136.46398519506707,139.38180610494757,517700
04/21/2022,134.1902618408203,139.59652485398982,133.76089672118843,138.6401879436948,423800
04/22/2022,130.6186065673828,134.6684115379012,130.4331911545386,134.14145474018645,732100
04/25/2022,132.3263397216797,132.40439525160875,129.41827240308265,129.9647504550469,797000
04/26/2022,127.3396987915039,131.4773266296184,127.20307928534747,131.4773266296184,1116300
04/27/2022,127.21288299560547,129.5354304125173,126.4321934118152,127.30070666504785,2493000
04/28/2022,131.69204711914062,132.39466613971786,127.48610110650456,129.19385277504952,959000
04/29/2022,125.82715606689453,131.2724464962067,125.49536785951199,129.88672966794945,1200400
05/02/2022,127.89595794677734,127.90572605746924,124.30479990433598,125.5929322757983,1521300
05/03/2022,128.0716094970703,128.87180531540923,126.86154021447643,127.7593277891449,1757800
05/04/2022,132.36538696289062,132.55080237717698,126.01255633843552,128.1789624277803,1487600
05/05/2022,125.87593078613281,130.5210095795949,124.30479134027766,130.46246048112786,1386500
05/06/2022,124.19745635986328,126.41265095757316,122.47995147480077,124.91958926483743,1470400
05/09/2022,119.42549896240234,122.8019667377443,118.71312679408756,121.79683419232124,1415500
05/10/2022,120.82098388671875,122.64584113708726,119.04492251737639,122.24573575925,3152100
05/11/2022,117.21031951904297,122.02130035379646,116.80046089503718,119.79634502895749,2259800
05/12/2022,116.93707275390625,118.68385956931239,114.39984329481806,115.40497590226711,1553100
05/13/2022,121.09422302246094,121.58215205218195,118.06906452723192,118.68385986961232,785600
05/16/2022,119.8939208984375,121.30891209615753,119.26937234059635,120.49895557112379,796200
05/17/2022,122.94835662841797,123.03618772656365,120.65509164412222,122.1969491875132,721100
05/18/2022,116.9858627319336,121.26012584275705,116.35156094270371,121.06494976166567,914500
05/19/2022,116.22468566894531,118.14712710955885,115.44400374038113,116.11734069392182,768800
05/20/2022,115.91240692138672,117.92267192999691,112.49690407247134,117.64943289331654,1309900
05/23/2022,117.77631378173828,117.94220786810011,115.34642180768253,116.34180121626606,969500
05/24/2022,115.31714630126953,115.86363188300228,113.30688106029874,115.62454397566881,1018900
05/25/2022,116.91754913330078,117.74703442164487,114.61452356833944,114.75114309802308,788500
05/26/2022,120.16716003417969,120.78097260521241,116.53696688628891,116.57600210182824,818800
05/27/2022,124.11939239501953,124.11939239501953,121.4065081059876,121.43578265734737,512000
05/31/2022,123.87542724609375,124.93910898121271,122.16767560349608,124.03156066762398,672300
06/01/2022,122.83125305175781,125.48362999835791,121.94321866978018,124.62682825523804,567400
06/02/2022,126.23702239990234,126.23702239990234,121.80662510116315,122.39213855555525,619500
06/03/2022,122.87029266357422,124.57804427907165,122.41163818132192,124.06083325011923,370700
06/06/2022,123.44606018066406,125.36850199289252,122.70440587673885,124.74395335123141,425400
06/07/2022,124.39262390136719,124.65610229278448,121.54312024918316,121.88661971355965,376100
06/08/2022,123.48509216308594,125.05621694732011,123.15329651797566,124.041331015141,317800
06/09/2022,120.23548889160156,124.05109805786216,120.12814389312521,122.8117539646196,547200
06/10/2022,115.94168853759766,118.31302381508567,115.76603379685018,117.89340457025591,1178900
06/13/2022,110.68183135986328,113.23858243411051,110.19390227704405,112.29199882220811,1623800
06/14/2022,110.84771728515625,111.82357537881639,109.71572576801782,111.47227331468864,666900
06/15/2022,113.58988952636719,115.10246518345149,111.02337784100385,112.15537686249777,1016300
06/16/2022,109.02286529541016,110.75013081171771,108.10555632273716,110.61351127687784,1147800
06/17/2022,110.27194213867188,111.23803937009667,108.5739514859727,109.23753515240298,905400
06/21/2022,113.03377532958984,113.98207177541707,112.06591461491195,112.09524983008149,584000
06/22/2022,112.89690399169922,114.67227742402672,111.77262612468041,111.89971555152214,650600
06/23/2022,114.54911041259766,114.88639455990831,112.76982092508985,113.90387733583069,706300
06/24/2022,118.69425964355469,118.69425964355469,115.66359562701021,115.78091410762231,699900
06/27/2022,117.60909271240234,119.2221789985518,117.14960463477665,119.05598340499205,462500
06/28/2022,114.06028747558594,118.86046265340165,113.94297644638499,117.85350320615812,458900
06/29/2022,114.16783905029297,114.70553951738177,112.93602090852323,113.98208662370982,642500
06/30/2022,112.62316131591797,114.10916557731709,110.93186276505067,112.96533835499817,755700
07/01/2022,113.46392822265625,113.54214054565658,111.41090322569234,112.12457762027945,821900
07/05/2022,115.37030792236328,115.44851278220968,111.31313526536921,111.94859730107095,1149200
07/06/2022,116.1035385131836,116.99317944894204,114.87172052801114,115.57561651953826,798200
07/07/2022,118.61605072021484,118.91911414705383,116.48481340985136,116.48481340985136,721300
07/08/2022,118.74314880371094,119.33950475456973,117.09681882330584,117.45267522092789,510800
07/11/2022,116.2110824584961,117.85350400711253,115.9080115606122,117.76551327587595,466500
07/12/2022,115.11614227294922,117.48200939410917,114.46113076943394,116.70967939166665,749400
07/13/2022,114.93038940429688,115.7711533298522,112.66228397829003,112.85781480908112,808800
07/14/2022,115.3214340209961,115.61472651343338,112.55473452987825,113.80610936670452,583200
07/15/2022,117.32559204101562,117.4037969147975,115.89825053684126,116.55326203953813,412800
07/18/2022,116.37726593017578,119.05792860038561,115.9666624504915,118.48894629622147,624100
07/19/2022,119.89673614501953,120.0727101274322,117.21802770939293,117.9219236390436,482800
07/20/2022,121.87157440185547,122.34083345289727,119.8576479766918,120.1411620719512,1023500
07/21/2022,123.62152862548828,123.62152862548828,121.05035987424314,122.05731935745439,712200
07/22/2022,121.49029541015625,124.07125011597833,120.7081944781924,123.2402571538303,711100
07/25/2022,120.81571960449219,121.58804949349903,119.95539898952889,121.44140325606324,523600
07/26/2022,118.4302978515625,120.1216038931519,118.06857145479523,120.05316997578917,502200
07/27/2022,123.42597961425781,124.07121999877145,120.07270319648732,120.3268894805748,686200
07/28/2022,124.61869812011719,124.812267262626,121.7982289364046,123.30866793042776,924100
07/29/2022,126.88679504394531,127.1996443070714,124.65780371406765,125.20528246580135,785400
08/01/2022,126.82816314697266,128.20662749897505,125.70975516629309,126.1731516625228,533900
08/02/2022,126.3979721069336,128.09905631461953,125.45945420560369,125.8505008449123,2538700
08/03/2022,129.7610321044922,130.1814214301839,127.09210213651794,127.20941314951392,835700
08/04/2022,130.51380920410156,130.57246470908296,129.03759096466766,129.8978965668503,726200
08/05/2022,129.4384002685547,130.21073748129749,128.05995123731313,128.37278554967898,736400
08/08/2022,128.99850463867188,131.276388374655,128.40214868274947,129.60464645914354,875700
08/09/2022,127.53204345703125,128.29459493686906,126.89658886299135,128.15772710503856,382600
08/10/2022,131.031982421875,131.19817802948427,129.54597798313557,130.53339559904722,1373500
08/11/2022,130.39649963378906,132.86012037504727,130.0738794353562,132.03891346129453,593600
08/12/2022,132.9188232421875,132.95792194965924,130.78757820678868,131.26662314881082,447800
08/15/2022,133.95513916015625,134.15066257424195,132.53757576118457,132.54734671077074,412800
08/16/2022,133.720458984375,134.47323954916757,132.42020706972437,133.67157441725007,534600
08/17/2022,132.13668823242188,133.29028633904844,131.2959244750177,132.36153931943866,534900
08/18/2022,132.43975830078125,132.89924636094287,131.45235572334607,132.07803937075076,447800
08/19/2022,129.8490447998047,131.41324651204397,129.54596645322252,131.1297398931143,1012500
08/22/2022,126.48600769042969,128.17730653599796,126.10473188322118,128.08932325375233,535100
08/23/2022,126.35887908935547,127.49293527878439,126.05581569264875,126.30022358257013,2853800
08/24/2022,126.65220642089844,127.42452900205996,125.89942573573138,126.12427687949064,624500
08/25/2022,128.94961547851562,128.94961547851562,126.99630626459292,127.42451241076296,346400
08/26/2022,123.69975280761719,129.28203705522264,123.6313188786683,128.82254890710635,1013000
08/29/2022,122.4288101196289,123.52375275207649,122.04752692870188,122.51679338456319,772900
08/30/2022,121.07968139648438,123.30868042097224,120.06294355994403,123.13270642121068,675100
08/31/2022,120.46377563476562,122.57545616454334,120.34645714915774,122.25284338191268,617100
09/01/2022,120.41490173339844,120.5713263947308,117.85351130335734,119.30040212698974,947000
09/02/2022,118.7920150756836,122.15506263049,118.06269977072034,121.6271481423054,674800
09/06/2022,117.91217041015625,119.26129959088027,116.99808707623639,118.90935155091076,1010000
09/07/2022,120.25846862792969,120.62018755663519,117.96103579427447,118.03924065586052,594900
09/08/2022,120.85482025146484,121.36318539814732,118.83112315164023,119.30038213954143,1014200
09/09/2022,123.42597961425781,123.69971524693514,121.80310770804708,121.80310770804708,670800
09/12/2022,124.95109558105469,125.0977418165247,123.96369301028051,124.11033178701315,422900
09/13/2022,118.13700866699219,121.87156884611807,117.77138134026949,121.39252395248093,811300
09/14/2022,119.09510040283203,119.4177206729111,117.89261005923659,118.62583387737718,1162000
09/15/2022,117.0713882446289,119.26128101771035,116.44570459517706,118.21521546702641,758000
09/16/2022,116.26973724365234,116.52392357161614,114.89127297992266,115.6831597211295,711600
09/19/2022,117.29347229003906,117.3032634065324,115.27538864634019,115.30477694408961,566400
09/20/2022,116.34321594238281,117.27388029153936,115.40275300216517,116.24525245417713,377000
09/21/2022,114.2565689086914,118.42008112079264,114.20759089655995,116.76447781768711,1427900
09/22/2022,112.85564422607422,114.02142977914018,112.34622966267781,113.61977728237008,869500
09/23/2022,111.09229278564453,111.90540394250026,109.6130194420125,111.85641846109542,1629900
09/26/2022,110.4261245727539,112.59114969309455,110.2497873131086,110.81798598020289,842500
09/27/2022,110.6220474243164,112.8850434179378,109.70118174632202,111.96417026580899,947300
09/28/2022,112.8654556274414,113.31609365078819,109.99508133649346,110.57307862074664,1202800
09/29/2022,109.66200256347656,111.29801595895368,108.32967821859576,111.1412684011395,1324000
09/30/2022,107.71249389648438,110.87676607953054,107.6243290009427,109.17217749851041,1200100
10/03/2022,110.239990234375,110.86696550523789,107.83005263559551,108.51580450243466,1097500
10/04/2022,113.72754669189453,113.9607098121928,112.43440919803616,112.43440919803616,1051200
10/05/2022,113.60018157958984,114.35451605578194,111.02370548523888,112.11111728141815,798500
10/06/2022,112.77729034423828,114.49167753494113,112.61074419394168,113.20833118406034,844900
10/07/2022,108.41783905029297,110.8375751958689,107.91822304529164,110.78858971735441,1635900
10/10/2022,107.31083679199219,108.60397419050285,106.25281324571948,108.52560041504533,987600
10/11/2022,105.95893859863281,107.82026746141919,105.19480538518297,106.67407885244803,1381800
10/12/2022,105.90995025634766,106.89939873847754,105.58666399870093,106.22343792233177,824400
10/13/2022,108.3100814819336,108.85869046240296,102.49096664566301,102.82404399618463,1791100
10/14/2022,105.09683227539062,109.48566679025174,104.8323301106428,109.2897323403135,1020400
10/17/2022,108.48641204833984,108.8684748558184,107.47737399401777,107.48717258435003,862500
10/18/2022,109.44646453857422,111.6800646354212,108.30027619531863,111.42535362331974,973100
10/19/2022,109.03502655029297,110.2595888095095,108.02598097042527,108.77051691678668,1168700
10/20/2022,108.41783905029297,110.7396117129746,107.9769996402013,108.63336319714122,967700
10/21/2022,111.02371978759766,111.19025846904518,107.58514670606138,107.97700814262956,846700
10/24/2022,112.23847961425781,112.58135555654026,109.61301779685445,111.16086630674087,1743000
10/25/2022,114.50148010253906,114.66802626949114,112.63035263954255,112.63035263954255,689900
10/26/2022,111.97399139404297,114.39372047323896,111.80744522350942,112.18950810307383,1193200
10/27/2022,109.92649841308594,112.1013220710111,109.75016115773703,111.54292200809527,843200
10/28/2022,113.32589721679688,113.50223449229418,109.6424116142616,109.65221020571572,899900
10/31/2022,112.02294158935547,112.64012568319072,111.23922631461119,112.40500437404678,606000
11/01/2022,110.86695861816406,113.6589588656194,110.71609321683124,113.51201738480674,927800
11/02/2022,107.11489868164062,112.08173002458874,107.03849060620308,110.84736926291559,1434400
11/03/2022,105.02826690673828,106.53692867871709,104.82254132066876,105.90015473661485,1192500
11/04/2022,106.62507629394531,107.41859768198007,104.40127462729922,107.06592317043896,1465700
11/07/2022,107.82025909423828,108.0259846639244,106.22343254431166,107.10511889592013,562800
11/08/2022,108.62358093261719,109.93631571793429,107.00226150350983,108.48643054112468,1162700
11/09/2022,106.13524627685547,108.2023077683986,105.99809591502044,107.83004356829414,674800
11/10/2022,113.87448120117188,114.05081844949123,110.37713200461653,111.20004165481825,3049100
11/11/2022,116.04931640625,116.3040274513868,113.33568970221604,113.91367950656826,978800
11/14/2022,115.03047943115234,116.52934245155855,114.6386180105037,115.19701810583415,1386400
11/15/2022,116.62730407714844,118.16535386392323,115.26559154184426,117.85186624732373,1269000
11/16/2022,115.01087951660156,115.89256576628019,114.7071830186302,115.74561681231137,618900
11/17/2022,114.78558349609375,115.35378226409595,113.12998015365424,113.19855535157616,874900
11/18/2022,114.90313720703125,116.04932579164145,113.78633692344147,116.02973608233968,731800
11/21/2022,113.61978149414062,114.65820783925027,113.25535017208442,114.20756985035109,455400
11/22/2022,115.19701385498047,115.28518622158688,113.02219762519597,113.90387644645214,697100
11/23/2022,116.48035430908203,116.61750467325386,115.16761978526473,115.24599355740129,834400
11/25/2022,115.63786315917969,115.99053768471485,115.45172730566533,115.73582664424282,476400
11/28/2022,113.9136734008789,115.62806048846315,113.5512077715215,114.81494939027377,530900
11/29/2022,113.11035919189453,114.13899441862807,112.49318254033507,113.98224687110758,467000
11/30/2022,118.28291320800781,118.28291320800781,112.8654510809173,113.18873730446988,1158200
12/01/2022,118.40048217773438,119.20379476057799,117.20530815771784,118.36129528660355,1104000
12/02/2022,117.90084838867188,118.22413460673967,116.2354467684217,116.34320884111096,767000
12/05/2022,115.98072814941406,117.54816618491711,115.38314123054508,116.98976615120246,474400
12/06/2022,113.66875457763672,115.90235471904644,112.94381588549047,115.85337671806045,718200
12/07/2022,113.04177856445312,113.86468820103667,112.37561646784134,112.96340479446725,800900
12/08/2022,114.36431884765625,114.77577745582973,112.78708202637384,113.61979035962527,716600
12/09/2022,113.70795440673828,115.09415980013289,113.51202743222288,114.00185234264636,1071300
12/12/2022,115.0794677734375,115.0892663645845,113.33569225602692,113.7275462122856,518100
12/13/2022,116.36279296875,119.61522975200815,115.2264031759687,119.57604286616959,1648100
12/14/2022,115.37335968017578,117.44042146401267,114.16839454878891,116.11789565980028,1154600
12/15/2022,111.68008422851562,114.02242591166093,111.0922958063505,113.78633292589802,1570500
12/16/2022,110.56327056884766,111.88579622678294,109.87751873855066,111.29800787593774,2342100
12/19/2022,109.01171875,110.63201871229931,108.46179417674755,110.63201871229931,815200
12/20/2022,108.89389038085938,109.57147222440325,107.84315153951154,108.47163042637047,733100
12/21/2022,110.47489166259766,110.98552786533256,108.97243433471563,109.30631041110804,864500
12/22/2022,107.81368255615234,109.20811948611266,106.02644448607487,109.20811948611266,2351700
12/23/2022,108.04935455322266,108.22611468236379,106.46833547925432,107.23429354151313,854700
12/27/2022,106.43888854980469,107.784230098633,106.28177257978491,107.784230098633,1028700
12/28/2022,105.07389068603516,107.16554581283137,104.95604811148951,106.30138940900287,854200
12/29/2022,107.67619323730469,108.00025470957857,105.93805078933238,106.25229017370337,776100
12/30/2022,107.55835723876953,107.60746018923,105.95770144734007,106.4977964421135,766800
01/03/2023,106.79240417480469,109.10992269465251,105.90860346942905,108.51090263279005,1514100
01/04/2023,107.34231567382812,108.02971951633144,106.05589929282749,107.70565802595381,750000
01/05/2023,105.76129913330078,106.70402485393454,105.54526562654982,106.61564103984954,848900
01/06/2023,108.5501708984375,109.01171162946017,105.21137278343531,106.40941276811766,1068700
01/09/2023,109.33577728271484,111.20157708964027,109.04608934343442,109.48307864758817,1815400
01/10/2023,110.24903869628906,110.25886078533593,108.70730036651842,108.9037046871617,463800
01/11/2023,112.18356323242188,112.18356323242188,110.33740781663575,110.76948977243883,536700
01/12/2023,112.7433090209961,113.12628805278898,110.63201704800494,112.48799466117298,909900
01/13/2023,113.51908874511719,113.59274316914332,111.65328905066139,111.71221408829393,608100
01/17/2023,113.75476837158203,114.24576790528269,112.9858659188207,113.46999523504697,844200
01/18/2023,112.26213836669922,115.00191679268121,112.17376204266367,114.46181428337952,491100
01/19/2023,111.16230010986328,112.03627874870486,110.66148594067917,111.52564249030374,547400
01/20/2023,114.21630859375,114.33415117842382,111.39797607850679,111.81041388677775,547600
01/23/2023,116.72042083740234,117.23989773409915,114.25560084632718,114.55020359135382,731700
01/24/2023,116.5043716430664,116.92663155219114,115.87589282372613,116.10175591132896,706100
01/25/2023,116.25886535644531,116.4847284313936,113.58782677787141,114.59928458695092,604700
01/26/2023,118.51747131347656,118.57638886079343,116.57310983937774,117.668036715347,749100
01/27/2023,119.67622375488281,120.49127725085823,117.91844460283382,117.98718423483314,1474800
01/30/2023,117.24085235595703,118.89061086792628,117.13283187364509,118.31123509194158,555000
01/31/2023,119.03792572021484,119.05756240465654,117.28996861463591,117.34888616001915,961800
02/01/2023,121.59113311767578,122.57313225688883,118.09521857953621,118.93973843862413,1414400
02/02/2023,125.89228057861328,126.72698580033435,123.94792657229893,124.28180266734056,1880000
02/03/2023,123.72206115722656,126.19669552563562,123.0543014876466,123.10340443813888,1305300
02/06/2023,122.62223052978516,123.57476336513109,122.14104557565678,122.62223052978516,978300
02/07/2023,125.19506072998047,125.6457979485085,122.18032385120792,122.59276166710447,4281500
02/08/2023,122.9659194946289,124.98883509501056,122.70077556149542,124.64513693359494,1015100
02/09/2023,121.89553833007812,124.85135754291063,121.27688163104449,124.85135754291063,955800
02/10/2023,121.10013580322266,121.77771761935657,120.10831455637108,120.97247860988888,597500
02/13/2023,123.0542984008789,123.25070270586298,121.16886202538092,121.6402248652845,893600
02/14/2023,123.9381103515625,124.31126732699268,121.66969473944279,122.40619409320206,603000
02/15/2023,124.89064025878906,124.93974320841906,122.96592300781366,123.19177859517184,436200
02/16/2023,122.54365539550781,124.5763930139894,122.47491576559038,122.9757373504504,585700
02/17/2023,121.66969299316406,121.95447363824402,120.44219408784977,121.60095335414881,1586400
02/21/2023,118.83171844482422,120.64841536176685,118.72369793968167,120.05921737411775,893600
02/22/2023,118.8415298461914,119.70569386409338,118.23269518855177,119.03793416483217,1764900
02/23/2023,119.8824462890625,120.43236336174593,118.19340671775402,120.37344581597506,776600
02/24/2023,117.88899230957031,118.32106680928638,117.18195177468789,117.82025267379332,1010200
02/27/2023,118.75314331054688,119.7646011153832,118.51746564050201,119.22450614269464,661400
02/28/2023,118.61566925048828,119.60749041470187,118.39962825510923,118.4978266642656,701800
03/01/2023,117.62383270263672,118.72956297780983,117.25067579982314,118.44871571419489,612200
03/02/2023,118.6942367553711,118.9446438347241,116.51419750245728,116.60257382738466,622200
03/03/2023,121.08049774169922,121.1590519794424,119.13613613542157,119.35217714634786,697500
03/06/2023,121.22779083251953,122.80782858752482,121.13941450611046,121.64023616527183,1120500
03/07/2023,119.73516082763672,121.57640929798787,119.41993992862324,121.23761838071378,3501300
03/08/2023,120.3243408203125,120.5403818072095,119.16558165682156,119.91190302281353,522300
03/09/2023,118.20323944091797,121.57149679826549,117.9086367014415,120.5109359266208,770600
03/10/2023,116.60257720947266,118.88867411225516,116.13122181207065,118.28179486032785,1956400
03/13/2023,117.39798736572266,118.92990345940154,115.23758499837089,115.7875095513274,2473000
03/14/2023,120.06902313232422,120.34398916557366,118.57638784069034,118.93973019415479,1065000
03/15/2023,120.72695922851562,120.89389726010518,118.49781730719053,119.02809766523187,1379200
03/16/2023,123.92826843261719,124.0952139533877,120.07883422434489,120.38325151106335,1123700
03/17/2023,123.36854553222656,124.91028383574493,122.57312865032699,123.85954508738602,2094700
03/20/2023,123.76605987548828,123.92350162311999,122.23104037225778,123.11663143459681,910200
03/21/2023,125.56678009033203,125.76357479841565,123.99239990395239,124.61230999092899,3538800
03/22/2023,123.83494567871094,127.55442834824578,123.81526921277603,125.58644392912791,2601000
03/23/2023,125.3699722290039,127.13130495110092,124.25806047400116,125.42900913378773,1727900
03/24/2023,125.81277465820312,125.83245112571466,124.22855251662016,125.16333862177132,1053600
03/27/2023,124.96653747558594,126.50155710840349,124.61230102074553,126.10796772056868,1163600
03/28/2023,124.29742431640625,124.71069767568135,123.3331123041947,124.68117922248116,647600
03/29/2023,126.58027648925781,126.79675515434414,125.47820669756214,125.8127666819418,632300
03/30/2023,127.76106262207031,127.98739078640233,127.04275522457738,127.55443344616893,1087900
03/31/2023,129.8963165283203,129.95536845049966,127.73154483040612,127.8496186458189,602700
04/03/2023,129.55194091796875,129.660180263076,128.44986349111093,128.96154176020656,1073200
04/04/2023,129.1287841796875,130.10293803037348,128.61712105914873,129.7683856020665,966700
04/05/2023,127.80042266845703,128.80408006115627,127.10178427364374,128.69584073279003,970300
04/06/2023,128.7155303955078,128.90249060862985,126.62161204327538,127.18051077225502,634400
04/10/2023,128.62696838378906,128.64665235638196,126.80658378797685,127.48553820494975,950100
04/11/2023,127.79057312011719,128.61713481568344,127.60361291533997,128.61713481568344,568100
04/12/2023,126.649169921875,128.85329461318491,126.48680340680806,128.63681593607794,1110800
04/13/2023,129.19769287109375,129.32560116607215,127.35762416884138,127.40682659666675,522000
04/14/2023,128.94183349609375,129.60111893767973,127.75121593866068,128.52856016929678,541900
04/17/2023,129.04026794433594,129.1760588553253,127.92835599119282,128.7549178488746,402900
04/18/2023,129.01075744628906,130.0734670307534,128.5591069989774,129.90619075557973,783100
04/19/2023,129.01075744628906,129.4043469155829,128.02676875857867,128.05628721805192,583700
04/20/2023,127.98735809326172,129.1976594292286,127.46583051067404,127.76102998674303,712900
04/21/2023,128.10545349121094,128.4301714682247,127.1214650812801,127.8496068953671,529300
04/24/2023,127.86932373046875,128.57779676885664,126.9738904438291,128.03660000141096,683900
04/25/2023,125.4388656616211,127.43635374164498,125.42902367393751,127.23955903139506,797300
04/26/2023,126.17683410644531,127.43633811496888,125.99972339328049,126.77706765851295,746700
04/27/2023,129.6306610107422,129.83828115985492,127.52492604888123,127.76107369895679,787400
04/28/2023,130.5555877685547,130.5555877685547,129.13865693207833,129.542080808537,927700
05/01/2023,130.3588104248047,130.89508243022897,129.94553699900456,130.33914146248685,561000
05/02/2023,129.20753479003906,130.4572044592832,128.53842977940366,130.37848357312484,986000
05/03/2023,128.41050720214844,130.46703969103095,128.36130477120687,129.4043302434832,920600
05/04/2023,128.0169219970703,128.73522946614304,127.52492770040898,128.30227208276517,629300
05/05/2023,130.70318603515625,131.01805452782423,128.7450436381184,128.794246062918,735000
05/08/2023,131.0475616455078,131.13120726187987,130.0537388141879,130.5260490195758,1496500
05/09/2023,130.2013702392578,130.64416207738896,130.0340789754669,130.3391280336647,959600
05/10/2023,131.57891845703125,131.93315485040182,130.17180736147284,131.1853291374951,696800
05/11/2023,132.03158569335938,132.2283954287435,131.17552039944258,131.83479097245004,753600
05/12/2023,131.5100555419922,132.41434720935527,130.71302726826067,132.26773088253384,591100
05/15/2023,132.2775421142578,132.34642850332418,131.11644310831187,131.72651105960753,553600
05/16/2023,132.4054718017578,133.1139446246971,131.98236401236204,132.01188246211194,590900
05/17/2023,133.97003173828125,134.23670379945443,132.39565910619763,132.84828541981327,837000
05/18/2023,136.4890594482422,136.57761481496362,134.14813781702756,134.1963643070088,1059600
05/19/2023,136.16433715820312,136.87281009873496,135.7608982586971,136.5972945123585,1003500
05/22/2023,136.71534729003906,137.0400652556805,136.09542980886258,136.14463223053028,756600
05/23/2023,134.90481567382812,136.40046723171955,134.786726855963,135.9773594265779,1737000
05/24/2023,134.2455596923828,134.7277195195,133.38949440097707,134.10780188670287,2195900
05/25/2023,137.4828643798828,137.9846930730207,136.28239729640296,137.28606969715062,1230700
05/26/2023,141.015380859375,141.34993332532446,137.8961393079642,137.94534173283253,1269200
05/30/2023,141.62547302246094,143.22937925677346,141.0842913000993,142.82594032436148,1282400
05/31/2023,140.7989044189453,141.76322391524116,140.25770776581444,141.01538308019767,1494100
06/01/2023,142.47171020507812,142.9833885077703,140.31678767104583,140.76941404250502,699300
06/02/2023,143.5737762451172,144.01656809993423,142.49630755686036,143.18017180735552,1266900
06/05/2023,143.62294006347656,144.6954837158838,143.24901970175037,143.50485125665932,8216900
06/06/2023,143.62294006347656,144.01652938094728,142.88494883236646,143.38677746431213,933800
06/07/2023,141.19252014160156,144.53511729996447,140.93077282543427,143.80008375077793,1048400
06/08/2023,142.85545349121094,143.12999314904397,141.26139681126475,141.32043372319254,559300
06/09/2023,143.44583129882812,144.73485373239535,142.9381019202055,143.59342355669008,839100
06/12/2023,145.89599609375,145.9255145510306,143.7912369998985,144.18385049910043,696000
06/13/2023,147.0570831298828,147.35228269242845,145.75822607494487,147.0669326244675,1007700
06/14/2023,148.11976623535156,148.20931253911465,145.9057924312451,147.0767409788434,1288100
06/15/2023,149.8516082763672,150.48136034191833,147.36211846922959,147.59828112423887,949800
06/16/2023,148.8971405029297,150.90447034860924,148.7692171989034,150.87495189606042,1002400
06/20/2023,148.746337890625,149.2489022262254,147.5323286620355,148.352183346183,1093000
06/21/2023,146.78543090820312,148.3916253131065,146.3222909471476,148.2536696887092,973600
06/22/2023,148.44090270996094,148.4803121597747,146.05623254127943,146.2139004126061,763500
06/23/2023,146.9430694580078,147.898910132735,146.29172350569527,146.81497748525334,633000
06/26/2023,145.05108642578125,147.88904733491356,144.95255530512287,146.78540255293208,2466400
06/27/2023,147.5047607421875,147.78067197389757,145.32701669615338,145.6324887715442,2390100
06/28/2023,147.80038452148438,148.54928428967384,146.7262854000634,146.75584624380545,740000
06/29/2023,147.49490356445312,147.87922462120665,146.80020867149048,147.65257142834662,778700
06/30/2023,149.76132202148438,150.12593081623166,148.8547544079045,148.9927100222311,908400
07/03/2023,150.1357879638672,150.3466683563527,149.57903365563524,149.99783234168862,428900
07/05/2023,150.08651733398438,150.8058563016899,149.43614866047977,149.46570950599948,893500
07/06/2023,148.93357849121094,149.12080717742884,147.75306944749582,148.57883335838576,1248200
07/07/2023,148.50987243652344,150.15549120097722,148.38176542502774,148.88431479653252,888900
07/10/2023,148.53944396972656,148.75130170703605,147.32738916457984,148.33250301595862,885800
07/11/2023,149.21934509277344,149.41643742578083,147.810228135181,148.69708348957852,898800
07/12/2023,151.12118530273438,151.67300777589895,150.1259351304936,150.98322968444324,1346000
07/13/2023,153.66354370117188,154.02320569907045,152.2199338174661,152.46135242274454,981600
07/14/2023,153.69309997558594,155.18105108724444,153.32850616849922,153.91973815004232,1169800
07/17/2023,155.04307556152344,155.4470938038298,153.7728915259048,153.97884008805107,682400
07/18/2023,156.3832550048828,156.9055167304586,154.07741851429873,154.85587928237135,1215900
07/19/2023,156.21571350097656,157.24053957896237,155.7919980328343,156.81680907478506,1192300
07/20/2023,152.72740173339844,155.6776823806803,152.32338346256932,155.10220819834154,974100
07/21/2023,152.28396606445312,153.97885812413767,152.1243435053643,153.71281050163225,915900
07/24/2023,152.53028869628906,153.0525653146031,151.7518281418059,152.61898625700402,742500
07/25/2023,153.60440063476562,154.23012521504282,152.82592497888984,152.845637220263,647700
07/26/2023,153.0229949951172,153.732485290407,152.13613964402185,153.13138976345408,964600
07/27/2023,152.6682891845703,155.939830282035,152.15292899008736,155.28946150443716,1110500
07/28/2023,155.42739868164062,155.87082641875142,154.18579801052317,154.37302673055652,1118600
07/31/2023,155.6244659423828,155.99892335823668,155.02338540687953,155.6146173394522,945200
08/01/2023,155.19090270996094,155.47666255684044,154.3533053392548,154.98396175902155,795400
08/02/2023,151.78140258789062,153.76205433014408,151.26898956152354,153.76205433014408,1291100
08/03/2023,151.49566650390625,152.39237064561365,150.72705436185018,150.79602466381058,1029500
08/04/2023,150.82557678222656,153.2644519230639,150.6383480596849,152.32339152652386,1220900
08/07/2023,152.0671844482422,152.13615474255568,150.61962021356993,151.57448364072874,1567200
08/08/2023,150.77627563476562,151.08176272503496,149.51496293828808,151.08176272503496,1266300
08/09/2023,149.10113525390625,150.9241344919706,148.84493621382626,150.8945736425782,1736100
08/10/2023,149.44601440429688,151.74200200021986,148.78677446064532,150.3722943397204,1097000
08/11/2023,148.470458984375,149.16023710514358,147.8398025545244,148.34235196336252,838700
08/14/2023,150.17520141601562,150.17520141601562,147.9038578910086,148.18470096237152,764500
08/15/2023,148.57884216308594,150.01753501925344,148.27337009316864,149.74162379248722,977900
08/16/2023,146.95291137695312,148.88428964535737,146.93319913942975,148.342315883702,1037400
08/17/2023,145.35659790039062,147.66244928271888,145.19105113817594,147.5540544953614,1460300
08/18/2023,145.1595001220703,145.68176174139754,143.77994396460863,143.96717266512866,1022400
08/21/2023,147.5638885498047,147.81023894805145,145.61279760578023,145.7704504332715,2346900
08/22/2023,147.31756591796875,148.5985912375065,147.05150322762495,148.5985912375065,915900
08/23/2023,149.68251037597656,150.07568769434536,147.71170700019786,147.78069233564764,732400
08/24/2023,146.41094970703125,151.11131884844306,146.3715252287285,151.08175800773247,1353700
08/25/2023,147.6230010986328,148.24380887530472,145.38613541097178,146.78541881807894,1326100
08/28/2023,148.746337890625,149.04787047757242,147.68210257739318,148.8251718067198,780900
08/29/2023,151.899658203125,152.0760459403421,148.50002552074082,148.58870806051632,811700
08/30/2023,152.81610107421875,153.0230270159588,151.5843489199283,151.99821583944544,1261700
08/31/2023,153.16094970703125,153.92957671911162,152.7963559593264,152.7963559593264,725100
09/01/2023,153.1018524169922,154.38287759319653,152.47119595061966,154.22520971759437,1110400
09/05/2023,153.27923583984375,153.77094430628247,152.392365297493,152.73726190330214,706400
09/06/2023,151.97848510742188,153.07228148881813,151.10147828169227,152.9441895048589,921000
09/07/2023,150.82557678222656,151.1507611367406,149.6628100321789,150.0865255317954,1088700
09/08/2023,151.0423583984375,151.96863832263506,150.6580523698912,150.81572023699619,1028100
09/11/2023,152.84564208984375,153.04074968115353,151.50549531843117,152.30366820507487,1247900
09/12/2023,151.15074157714844,152.69782921181488,151.01278596302814,152.1459917192995,1079200
09/13/2023,151.7419891357422,152.35391062356842,150.7664361944528,151.219727520435,825300
09/14/2023,152.96388244628906,153.33833985673422,151.594174856966,152.43177221105603,698300
09/15/2023,150.27374267578125,152.52045710110028,149.9682705882387,152.41206232461406,1116500
09/18/2023,150.50570678710938,150.93996857156475,149.83652044653405,149.94311676733776,782800
09/19/2023,150.19970703125,150.466197795954,148.93636460186542,149.9332313267757,802800
09/20/2023,148.0382080078125,150.7425431594921,147.99872008809572,150.61424507098437,1389400
09/21/2023,145.2450408935547,146.76598853990842,145.23516138294477,146.49850380219033,1207500
09/22/2023,145.33387756347656,146.88345482820844,145.2006397018247,146.05437406390456,1202900
09/25/2023,146.02474975585938,146.02474975585938,144.51860636061693,144.90946448733408,844700
09/26/2023,143.79417419433594,145.14536298632055,143.4092497710328,145.01802874010482,1384000
09/27/2023,144.15936279296875,144.92428698748077,142.64927342706298,144.27779644983005,1495700
09/28/2023,145.3141326904297,146.20243027656855,143.43886288674327,143.76457049563777,1620200
09/29/2023,145.49179077148438,147.34731651760634,144.96868874590302,146.7847416294394,1517600
10/02/2023,146.7156524658203,147.22889006589887,145.33387630433654,145.5608791608166,2144600
10/03/2023,144.09027099609375,146.518251145919,143.43885581044114,145.66944152649498,1379100
10/04/2023,146.08396911621094,146.40967669735582,144.28766025501645,144.51466309270066,969600
10/05/2023,145.61021423339844,146.18266859233853,144.19882982618918,146.06423495263675,899900
10/06/2023,148.0382080078125,148.55143048230093,144.08037989889888,144.4258314253915,1372500
10/09/2023,148.82781982421875,149.05483776410205,146.52815249077713,147.0512545953218,746900
10/10/2023,149.63714599609375,150.7524464706336,148.77847185954352,148.98573075997857,1103900
10/11/2023,150.72283935546875,150.80178508758945,149.5088341158176,150.19972222360815,1025500
10/12/2023,150.17999267578125,151.67033809191744,149.23247823185793,150.96958553567882,1983200
10/13/2023,148.3145751953125,150.643865659365,147.75198524558152,150.46620012673364,1044100
10/16/2023,150.0319366455078,150.40799062053125,148.788338047688,148.84755487707497,687500
10/17/2023,149.52857971191406,150.17999496075814,147.68291823375392,148.51198397215654,932900
10/18/2023,147.5447235107422,149.38052032457455,146.99496488754278,148.46261438754354,1282400
10/19/2023,146.14321899414062,148.5988348802068,145.8372402758269,148.10731411288856,1339600
10/20/2023,143.99159240722656,146.16296169363227,143.89288764229477,145.97543167640146,1546500
10/23/2023,144.41600036621094,145.85699350424454,142.59006769296548,143.3993895115394,1505900
10/24/2023,145.8076171875,146.1234603254971,144.48505793265406,145.1660815212593,1009200
10/25/2023,142.25448608398438,144.86999643643725,142.0176037074442,144.8206440587958,1450300
10/26/2023,139.4218292236328,142.10643605095783,139.0072963391501,141.76099951067152,2115500
10/27/2023,140.2410125732422,141.6228037380506,139.71791054363538,140.6752893661754,1791100
10/30/2023,141.80043029785156,142.2968906968241,140.6950096006095,141.2279759910005,1078500
10/31/2023,142.45187377929688,142.6097953561684,140.76411892947226,141.79059411890665,6855600
11/01/2023,145.01805114746094,145.17597274558395,142.77760059755016,142.80720901466916,1408700
11/02/2023,147.56446838378906,147.6829171028191,146.32086978570845,146.7946194811347,2679400
11/03/2023,149.33119201660156,149.83455015336034,148.0086325559343,148.10732225674454,1677900
11/06/2023,149.8937530517578,150.1404998711939,148.9857265634607,149.6371417812273,1671700
11/07/2023,151.3347625732422,151.69007859908953,149.87402560486126,150.3477752859141,1201400
11/08/2023,151.4532012939453,151.76904446536477,150.49582238839815,151.49268922048842,1130200
11/09/2023,150.3083038330078,152.1835889205825,150.07143649663846,151.71970363988257,2382600
11/10/2023,153.6147003173828,153.69366110735007,150.8017805331941,150.97944607567808,2247800
11/13/2023,153.20018005371094,153.5851045237863,152.4007226974184,153.0323940088301,1368000
11/14/2023,156.4670867919922,156.84609254478644,155.59853319685783,155.81567159564142,1487200
11/15/2023,156.5954132080078,157.43434340138185,156.03282320165863,157.27643687454358,1096900
11/16/2023,156.73358154296875,156.80266282057306,155.7465942726229,156.2598318700673,1447800
11/17/2023,156.77304077148438,157.16784468142183,156.05254434366375,156.427604293047,898700
11/20/2023,158.66806030273438,158.94441551992915,156.75331774366475,156.75331774366475,5628300
11/21/2023,157.7501678466797,158.02652306112583,157.04940029990075,157.97717068849693,1297000
11/22/2023,158.401611328125,159.60573714635163,158.01668684919892,158.61874975831225,1596500
11/24/2023,158.174560546875,158.4509157533333,157.76002773718753,158.263400839131,504700
11/27/2023,158.0166778564453,158.8230478318833,157.67616602213172,157.96732547780553,1168200
11/28/2023,158.4311981201172,158.67300517790738,157.58238847985103,157.7304305437572,1251600
11/29/2023,158.312744140625,160.03997177646198,158.15483763112312,159.4477884803129,841800
11/30/2023,157.86863708496094,158.53979637152418,156.68425517599218,158.38187476759953,1216600
12/01/2023,158.34234619140625,158.5890929866134,156.78291969869892,157.44419930262652,1212000
12/04/2023,156.8618927001953,156.98034142345014,155.39129118355353,156.8026758686838,2054700
12/05/2023,157.2764434814453,157.75019320232448,156.04270926856995,156.0723176848604,3481000
12/06/2023,156.33877563476562,158.5200241013306,156.22034198308566,158.48055123751408,1878500
12/07/2023,158.59901428222656,158.8852340135748,157.14814153933642,157.5824184229543,1269300
12/08/2023,159.27012634277344,159.44384609727155,157.81925389293917,157.83899785463376,1461600
12/11/2023,160.6321563720703,160.7308611097544,159.03324203114218,159.13193170859773,897700
12/12/2023,161.9448699951172,161.9448699951172,160.18606100251438,160.65191910559426,773100
12/13/2023,163.95831298828125,164.21493930531358,161.98433853839498,162.2804377179239,2177000
12/14/2023,163.810302734375,164.99468462222282,162.58643291613367,164.4913264614515,1779300
12/15/2023,164.4617156982422,165.0933870334344,163.90900516247808,164.18536043036013,1465400
12/18/2023,165.679443359375,166.01579954226665,164.66051794279952,164.7891251625741,1690100
12/19/2023,166.4807586669922,166.55001336372493,165.77840011446958,165.87731598798518,1065000
12/20/2023,164.02740478515625,167.02482860511998,163.97300332551325,166.19386291329224,1346100
12/21/2023,165.94654846191406,166.08504274208653,164.62095819529972,165.6398836340139,1171600
12/22/2023,166.21363830566406,166.82696791844262,165.42223600530062,166.46095058110618,1329800
12/26/2023,167.21278381347656,167.48482129377558,166.50250062429276,166.54998868960297,794500
12/27/2023,167.5293731689453,167.65796531211774,166.97538088738986,167.36118750639957,1616300
12/28/2023,167.4600830078125,168.11299102316755,167.33147579713082,168.0140600772981,1279800
12/29/2023,166.7280731201172,167.60850440779527,165.9861361329251,167.4799122611097,1147900
01/02/2024,163.9185791015625,165.343100275041,162.9787954396755,165.23428226610181,2061700
01/03/2024,162.15771484375,163.26468787567072,162.01922056996705,162.85018621266474,1871000
01/04/2024,161.35643005371094,162.69192244902013,161.27728831005058,161.42566964519864,1375700
01/05/2024,161.56419372558594,162.6632421483362,160.99042735287392,161.42568434051304,1114000
01/08/2024,164.9078369140625,165.0117038524588,162.01923109133233,162.0686965697693,1894200
01/09/2024,165.2244110107422,165.59042839638678,163.59214072054596,163.64160620111167,1583700
01/10/2024,166.3521270751953,166.74782066492057,165.00674773748943,165.3529758548133,1122200
01/11/2024,166.7280731201172,167.4007705044396,164.6209823409194,166.88635663345735,4047600
01/12/2024,166.78741455078125,167.4502096771559,166.20374607389658,167.10396643297403,1289100
01/16/2024,166.75775146484375,167.39087037401825,165.69924753362872,166.26312684534037,1202700
01/17/2024,165.81793212890625,165.96632855327348,164.07685911743326,165.40244931121646,3775400
01/18/2024,168.2613983154297,168.40979475713624,166.6489323310517,167.26226202481845,1867700
01/19/2024,171.5259246826172,171.56548801042834,168.84407144890838,169.09236491673195,1876100
01/22/2024,171.73367309570312,172.93065621603247,171.48636078715214,172.406355329484,2086400
01/23/2024,172.49539184570312,172.5151810578002,171.29345759517633,172.01066935992063,1043200
01/24/2024,173.40548706054688,175.03775731089428,173.20764023785947,174.0386059499936,2255800
01/25/2024,173.60336303710938,174.70340776266224,172.6833533497264,174.44421587531292,1431500
01/26/2024,172.59429931640625,173.5439700413428,172.32719782106733,172.8119353356092,1054900
01/29/2024,174.35516357421875,174.41451610836154,172.50527248462888,172.77235888827144,1117000
01/30/2024,173.16807556152344,174.12269741723986,172.82183230346038,173.94957578820834,1683300
01/31/2024,169.76504516601562,172.1936536110325,169.7353688994569,171.37752609117913,2298800
02/01/2024,171.85235595703125,171.99085022812594,170.1508462865859,170.5267657773044,2048200
02/02/2024,174.77064514160156,175.20591718182035,172.22828268086036,172.5943000352516,2009700
02/05/2024,174.48377990722656,174.93882608924918,173.0790478450887,174.71130299823787,1663700
02/06/2024,174.1474151611328,175.18612979615165,173.15816600297092,174.9190433916638,1471100
02/07/2024,175.90829467773438,176.24957175426385,174.76569799907105,175.25538660271087,1445600
02/08/2024,176.25453186035156,176.5513096455436,175.68571657733483,176.0270087660939,817800
02/09/2024,177.96592712402344,178.2824941172043,176.39302450036172,176.69968934079003,1763300
02/12/2024,177.27345275878906,178.82658124071216,177.00635124955969,177.93624790819584,1826200
02/13/2024,174.5035400390625,175.61051307311058,173.20960350873406,173.99902841818584,1726200
02/14/2024,176.4326171875,176.59088560214232,174.66185250255094,175.65110179411025,992700
02/15/2024,176.95687866210938,177.14186473641783,175.68073890738177,176.72934050754992,1339500
02/16/2024,175.3444061279297,177.12505755889688,175.06741758252852,177.11515540708308,2130900
02/20/2024,174.01882934570312,175.11689655487345,172.46570086558827,174.55301726879514,5382800
02/21/2024,173.29666137695312,173.34612685412282,171.7039847131976,172.89108069154818,2359800
02/22/2024,178.4209747314453,178.83645755709986,176.63043621085885,176.94698808503875,2738200
02/23/2024,177.87689208984375,179.43002054311188,177.50097257228953,179.05410102555766,1355400
02/26/2024,177.80764770507812,178.61982041215072,177.71860380954757,178.2231305368256,1129900
02/27/2024,178.22312927246094,178.36162354872758,177.18441465308914,178.24290338711046,1076000
02/28/2024,177.26356506347656,177.82742925343885,176.87775848253037,177.33280465762346,1594600
02/29/2024,178.74746704101562,179.2223025013557,177.17456420100044,178.46057627714038,1230900
03/01/2024,181.5074462890625,181.8635766191746,179.14314120976826,179.14314120976826,1554300
03/04/2024,180.79518127441406,181.6558383567244,180.74573088941224,181.49755485943223,1453700
03/05/2024,177.58010864257812,179.52893066644125,176.62053576403662,179.49925439966114,2065000
03/06/2024,178.72764587402344,179.99388360504634,177.92635646084818,179.39044100707883,1524700
03/07/2024,181.4184112548828,181.91303585780193,179.55268568281843,180.19173680553521,1841600
03/08/2024,178.79690551757812,182.66980948686077,178.53969106540828,181.53711492838812,2679600
03/11/2024,178.14398193359375,178.61881728091421,177.3426925678831,178.11430566780768,2221200
03/12/2024,180.6665802001953,180.84463780477867,177.7977485590381,179.10356470496023,4639500
03/13/2024,179.29153442382812,180.28078364579744,178.85626235100239,180.28078364579744,1674200
03/14/2024,178.8661346435547,180.0136672690481,177.72850417010045,179.82570751723094,1672700
03/15/2024,176.719482421875,177.86701515517015,176.2446470164494,177.57023736624964,2464100
03/18/2024,178.39950561523438,179.83668951886966,178.32021072844682,178.89508731469158,3187200
03/19/2024,178.83558654785156,179.0040976175412,176.7244190079983,177.59663242570343,1451200
03/20/2024,180.9765167236328,181.11527899095398,178.6571980595707,179.34606386359735,1301800
03/21/2024,181.7991943359375,183.2453014159025,181.72982076036203,183.04805481187913,1914700
03/22/2024,181.96766662597656,182.48307577670778,181.2837615291115,181.63067473370882,1142800
03/25/2024,181.38290405273438,181.9875143378683,180.49086303320394,180.80802745998793,1089800
03/26/2024,180.78819274902344,182.3800039050246,180.7089129884534,181.9875070819964,1432300
03/27/2024,181.45228576660156,182.11636341094916,180.2331439298287,182.06680221755997,2540700
03/28/2024,181.0756378173828,181.73971545795956,180.93687555105262,181.42253592123188,1343700
04/01/2024,181.49192810058594,182.50291898837312,180.67916686508272,181.462194408941,1510000
04/02/2024,179.89614868164062,180.01508344440995,178.64728830070504,179.47986188799544,1803400
04/03/2024,180.3025360107422,181.05581474296233,179.0239267674761,179.06358177251317,1773500
04/04/2024,177.53717041015625,182.26502371778406,177.4380631517619,182.04696657578347,2354100
04/05/2024,179.6384735107422,180.70893187776528,177.8345487281789,178.16163448954327,2193700
04/08/2024,179.70782470703125,180.47102472182556,179.13294814871432,180.0448166165421,1171400
04/09/2024,180.34217834472656,180.76838647293,178.40941273159166,180.65935789352477,1335800
04/10/2024,178.78604125976562,179.13293934110496,177.9336402150621,178.1814310405695,1667500
04/11/2024,181.67031860351562,182.01723181573664,178.61754888135982,179.5393235111639,986500
04/12/2024,178.73648071289062,180.34216042829055,178.17151036920438,179.8763124647446,2174600
04/15/2024,175.79273986816406,180.285688244258,175.45574794452148,180.2827088254914,3120100
04/16/2024,175.80264282226562,176.8929285833432,175.26742125479754,175.7134417483464,2670400
04/17/2024,173.68157958984375,176.6550701535238,173.29502642152354,176.6550701535238,1996300
04/18/2024,172.72012329101562,174.58351526497984,172.44259875752556,173.93926512451065,1978500
04/19/2024,169.12220764160156,172.39303460500997,168.45813001043885,172.19480495934167,2820600
04/22/2024,170.8270263671875,171.7686286182988,168.84469947055152,170.2025885550819,1469300
04/23/2024,173.35446166992188,173.85004333864543,171.45142987689766,171.62984714209333,2176200
04/24/2024,173.93927001953125,175.24263718273065,173.03730769832902,174.6628150647815,1234900
04/25/2024,173.10667419433594,173.46349360769833,170.539564730287,170.975679027058,1234800
04/26/2024,175.7828369140625,176.38744719946797,174.1424626794864,174.43485407072998,1044100
04/29/2024,176.48654174804688,176.87309484535473,175.36157680274192,176.6649590135479,1590700
04/30/2024,173.13641357421875,176.39734959425604,173.12650738494938,175.82247301361826,1239100
05/01/2024,171.91729736328125,175.36654193428464,171.57039923018277,172.54173517639413,1449600
05/02/2024,174.0978546142578,174.4745015663755,171.5505724023913,173.4734319226387,1275100
05/03/2024,177.61648559570312,177.99313254293415,176.54602726458907,177.2001987653733,1944800
05/06/2024,179.58889770507812,179.59880389439093,178.04268523090442,178.37967715497754,984100
05/07/2024,179.58889770507812,180.25297536391153,179.2915456622094,179.74748747780188,1363700
05/08/2024,179.47984313964844,180.03489213986197,178.45894620198047,178.50850738927474,818800
05/09/2024,179.87632751464844,180.09438467004,178.8752579368622,179.55916309477632,1437700
05/10/2024,180.29263305664062,181.19459546366662,179.67811653156804,180.50078404439842,957700
05/13/2024,180.7287139892578,181.11526707450162,180.1637587680331,181.07562719671205,1291300
05/14/2024,181.8784942626953,182.0915907760879,180.47104396937894,180.54041754687586,1155300
05/15/2024,184.70330810546875,184.80241537241992,182.26503945437713,182.90928962339692,1657400
05/16/2024,184.3464813232422,185.45657946214632,184.27709262758427,184.65373954926366,1669100
05/17/2024,184.26718139648438,184.6438131839054,183.33646848775442,184.40594366005053,1114100
05/20/2024,185.5457763671875,185.80348851789486,184.2671822983524,184.35638337023454,1119800
05/21/2024,185.91250610351562,185.98187966956183,184.6933643640378,184.80239293121178,1010600
05/22/2024,185.86294555664062,186.3188722035251,184.81231488239627,186.02152018984515,1052500
05/23/2024,185.05018615722656,187.88491381660654,184.30681367792013,187.84527393891565,6090500
05/24/2024,186.81448364257812,187.29025298991664,185.41595648517023,185.73411910707753,1484300
05/28/2024,187.50828552246094,187.51820683583176,186.2792525807443,187.27041598481426,1518000
05/29/2024,186.21978759765625,186.8838652720721,185.73411207877592,185.75393958181994,1338400
05/30/2024,184.2077178955078,185.8183583676608,183.6328413274958,185.77374270704584,1879100
05/31/2024,184.22752380371094,184.52487582830238,180.73863976195807,184.24735130507096,1891100
06/03/2024,184.84205627441406,185.81339211055945,182.71104602419385,185.4664788928171,1786700
06/04/2024,185.3178253173828,185.82331321551405,184.00948234722642,184.7033088384052,2749900
06/05/2024,189.04458618164062,189.0842411860338,186.3387144039916,186.79465621079595,1272500
06/06/2024,189.01486206054688,189.46088257685946,188.51928034820986,189.35185399518718,2667100
06/07/2024,188.8463592529297,189.9267237169431,188.390432563508,188.73733067520658,1028800
06/10/2024,189.58975219726562,189.70868697705257,188.25167542884387,188.39045283720154,957500
06/11/2024,190.89808654785156,190.93772643131766,188.47468465274474,189.05452192562038,957700
06/12/2024,193.3660430908203,194.33739400664888,192.23611754240585,192.50373586606895,1141500
06/13/2024,194.44642639160156,195.10059785808048,193.52465169934288,194.8528070108342,1105300
06/14/2024,195.44749450683594,195.47722819606585,194.16888537414266,194.35720882189995,1481000
06/17/2024,197.84609985351562,198.54983242592638,195.02127849980016,195.5465938201267,1343400
06/18/2024,197.9055938720703,198.18311841360568,197.18204882620694,197.84612648802036,1108700
06/20/2024,196.36927795410156,198.54984942206167,195.66556044540283,198.40116584527215,1635900
06/21/2024,195.7943878173828,196.80537859841584,195.25916630033677,196.26023576923373,1450800
06/24/2024,193.64012145996094,196.0426271356112,193.57558887625336,195.37747192011452,1379000
06/25/2024,195.84405517578125,195.9532606562724,194.12654942364875,194.4839478008477,899600
06/26/2024,196.27093505859375,196.46948634157954,195.42708831878122,195.49657445100488,816200
06/27/2024,196.7574005126953,197.3530543675093,195.80433313710412,196.1518092471146,1183200
06/28/2024,195.6852264404297,199.02093989099367,195.49659739748066,197.06517846961722,2099400
07/01/2024,196.89639282226562,197.10486637466138,194.5832331814225,196.1220321878108,1526800
07/02/2024,198.951416015625,198.96135342633224,196.24115387863583,196.28087322448096,1097400
07/03/2024,200.59942626953125,200.6689275525295,198.64366501347794,198.65360242447335,1015300
07/05/2024,202.7140350341797,202.877835682525,200.84265087677792,201.0163889361391,1720100
07/08/2024,203.22036743164062,203.40899648162176,202.43706909270517,202.87290641980178,1541200
07/09/2024,203.3692626953125,204.26275105120652,202.73388949482316,203.82592913552784,1509000
07/10/2024,205.5037384033203,205.74200906072392,203.62740052818626,204.15356830835393,1240300
07/11/2024,200.9766845703125,205.62284837414913,200.49022103420452,205.52358030351994,2584400
07/12/2024,202.19778442382812,204.10390402587436,201.02632123914543,201.22487252401632,1726200
07/15/2024,202.7239532470703,204.66979220575877,201.87016908384354,202.88280033522693,2237200
07/16/2024,202.78353881835938,203.57775919564187,201.48301033545002,203.28986207248,1372800
07/17/2024,196.86660766601562,199.68409086972184,196.80704379487685,199.47758662471577,2635600
07/18/2024,195.8738250732422,198.46495936156222,194.5832190599828,198.43517742766704,2760500
07/19/2024,194.1464080810547,196.76732445063507,193.65002229023648,195.75469319578815,2153500
07/22/2024,197.0552520751953,197.45732338526557,195.1987587716371,196.5687885087615,2160200
07/23/2024,196.35037231445312,197.90903104915546,196.1816029547039,196.67798877108152,1241600
07/24/2024,189.34140014648438,193.70958911284384,188.93436015617345,193.60038363126023,1870300
07/25/2024,187.1870880126953,191.15320570300364,186.1545970666262,189.460528308966,2784700
07/26/2024,189.17263793945312,190.33914763941652,187.85224984805762,189.02371310521715,2458100
07/29/2024,189.530029296875,191.12839217464222,188.60674383406914,190.26467058392208,1168000
07/30/2024,186.928955078125,190.56647161989443,185.56886285416476,190.33416949196038,1187800
07/31/2024,192.35943603515625,193.14373414865958,190.60224106142118,191.2376143332308,2412500
08/01/2024,187.8224639892578,194.27547947726322,186.28366495857338,192.76646238310556,3353600
08/02/2024,183.33511352539062,185.27598365152156,181.64740498264365,184.20875730452647,3757100
08/05/2024,178.0635223388672,180.68443886815788,172.97059896720847,173.4372028508903,5114000
08/06/2024,179.6122283935547,182.6501069362276,177.5770436706587,178.63931650862816,3959700
08/07/2024,177.6465606689453,183.41456150552247,177.4678538955395,182.43171212302317,2830600
08/08/2024,183.03729248046875,183.41455053070163,178.64924388775628,180.21782481160247,2821800
08/09/2024,184.0002899169922,184.66544509000212,182.0743105347133,182.5409144118012,1758700
08/12/2024,184.46690368652344,185.6383821477245,183.27558069861095,184.39741754604617,1701700
08/13/2024,189.0038604736328,189.08328401878717,186.20423731378816,186.2240969871998,1478100
08/14/2024,189.07334899902344,190.016478993359,187.29629449275913,189.36126124741068,1922800
08/15/2024,193.8585205078125,193.99750793012737,191.38452924211495,191.56522046537071,1464100
08/16/2024,194.08685302734375,194.61302077763563,192.73469855647792,193.17350494856362,1367100
08/19/2024,196.63827514648438,196.63827514648438,193.44154943034806,194.12654909938394,1382900
08/20/2024,196.2113800048828,197.3064039376522,195.52736497209267,196.27094387760573,1511200
08/21/2024,197.16444396972656,197.87924072690018,195.83411852535258,196.53899302007656,1031900
08/22/2024,194.01736450195312,198.36570936055824,193.6004022091202,198.07781223520712,1305200
08/23/2024,196.1021728515625,197.2339318691348,194.18613093566506,195.8142757530233,1714400
08/26/2024,194.21592712402344,196.2411746704333,193.39092501751801,195.91355820071382,1944500
08/27/2024,194.82150268554688,195.20868300052297,192.7465985452209,193.56067852201247,1652200
08/28/2024,192.62747192382812,194.8810676925825,191.16809646307232,194.60309285705685,1992700
08/29/2024,192.30978393554688,195.25830150733637,191.77367881450027,193.38196388065668,2830400
08/30/2024,194.66265869140625,194.8016461105701,192.2502158070358,194.0372077309227,1715900
09/03/2024,188.70603942871094,193.37206321283375,187.7430497041917,193.33235901167023,2881000
09/04/2024,188.1798553466797,189.74346754989736,187.01831442004678,187.4352766643387,2238900
09/05/2024,188.408203125,190.11577158031625,187.10767468311812,187.52463695962652,2594600
09/06/2024,183.3649139404297,188.40819555363728,183.14650297363187,188.07065684076525,2568200
09/09/2024,185.68800354003906,186.08512129082317,183.80671216220662,185.11220931126533,2930900
09/10/2024,187.36578369140625,187.60405433377858,184.79450883000413,186.41273141890244,1460900
09/11/2024,191.4063720703125,191.78361498632617,184.4172513566279,187.89195203941912,2415700
09/12/2024,193.36212158203125,193.6897380156656,190.7958004261415,191.4957061959296,1943600
09/13/2024,194.21592712402344,194.70237554847583,193.014666735052,193.04444867334527,2525400
09/16/2024,193.38198852539062,193.61033691828513,192.05167811228134,193.352206586925,1611800
09/17/2024,193.49118041992188,195.09252756843773,192.44878234988428,194.63287685869014,1421500
09/18/2024,192.62747192382812,195.5760047813966,192.37927902435933,193.90815576824275,2356400
09/19/2024,197.50196838378906,198.67343150475637,196.3443964292461,197.22399357039035,4061900
09/20/2024,197.15451049804688,197.6409740406603,195.44694211606858,197.1346659727511,1810500
09/23/2024,197.66160583496094,198.0791989498859,197.08492529394687,197.63177883899573,2300100
09/24/2024,198.59622192382812,198.99392531047945,196.52813093613543,198.23828280727724,2372300
09/25/2024,198.8348388671875,199.56066954995035,198.26811077984573,198.43713547857612,1948200
09/26/2024,200.28648376464844,201.99663563314704,198.81496303061886,201.86737520554985,2454300
09/27/2024,199.1728973388672,200.75378874160816,198.78511606543617,200.75378874160816,2105400
09/30/2024,199.69985961914062,199.83905731697465,197.62679247743665,198.7751772774201,1716300
10/01/2024,196.9258270263672,199.67996914968802,195.36482536161603,199.62031516104176,2527800
10/02/2024,197.22412109375,197.9887147362414,195.49407948741987,196.56789684603046,1313500
10/03/2024,197.06503295898438,198.26313451906887,196.03099504594442,196.31932772692107,1632500
10/04/2024,199.41151428222656,199.62031841730567,197.4130297729215,199.47116827184593,1667700
10/07/2024,197.2738494873047,199.05359274416793,196.78664991005445,198.6558893306582,1571400
10/08/2024,200.22683715820312,200.50523257297826,198.01954839004858,198.28799135838818,1286600
10/09/2024,201.80770874023438,202.0363874144993,199.67996389649832,200.10749425148973,2231200
10/10/2024,201.60885620117188,202.31578325356247,200.3262347988368,200.86315102306426,1429600
10/11/2024,201.8673858642578,202.29493143966295,200.60465403123044,200.81345818134224,824800
10/14/2024,203.57752990722656,204.12438344919624,202.6727372442778,202.90143110727269,1012700
10/15/2024,200.8631591796875,203.9652879917346,199.9683038267738,203.71671958893825,1813700
10/16/2024,200.8631591796875,201.181318846133,199.53082101042637,200.97252988377437,1498100
10/17/2024,201.04212951660156,203.14502375350827,201.00236524591978,203.1301102555761,1399600
10/18/2024,202.3545684814453,202.78111270789256,201.87730622728998,202.16565406893523,1661200
10/21/2024,202.7224578857422,203.06050729226368,201.08191239948442,201.85744464805126,1296000
10/22/2024,202.94119262695312,203.547700152296,201.32052174401477,201.62874414401642,2778500
10/23/2024,199.868896484375,202.22532021672944,198.4868566962033,201.97675180035748,1568400
10/24/2024,201.459716796875,201.68542188569765,200.31630819808453,201.35034609140197,1456100
10/25/2024,202.6826934814453,204.70602886745957,202.33469162875235,202.61308704234185,2144700
10/28/2024,202.74234008789062,203.9752296827528,202.61307966078607,203.9752296827528,1485300
10/29/2024,204.63145446777344,205.14848100616035,202.09605366330132,202.8517113358849,1227300
10/30/2024,203.14004516601562,204.7209366140725,202.96108319291264,204.3828872172701,1158200
10/31/2024,197.98971557617188,201.50943760036137,197.98971557617188,201.49950032563004,2249100
11/01/2024,199.4512939453125,200.8233812223216,198.55643858579032,198.6558720162077,1574500
11/04/2024,198.87461853027344,200.24670584249824,198.1786300137229,199.2226052028428,1606300
11/05/2024,201.41995239257812,201.693371570372,199.52088613127677,199.56066557219208,1277400
11/06/2024,206.87852478027344,207.22153523040274,204.44553097887206,204.9198044841793,2837100
11/07/2024,210.1397247314453,210.46286060686478,208.0318544500632,208.0716338887857,1749800
11/08/2024,210.40817260742188,210.70645771919524,209.69229440773017,209.97068979967574,1311100
11/11/2024,210.2888641357422,210.974915339781,209.0659118689053,210.90530890625314,1503000
11/12/2024,209.92098999023438,210.59708875585198,208.6681955447259,210.2292123787607,1384100
11/13/2024,209.6227264404297,210.70648113461127,208.71793373035322,209.6823804351314,1322700
11/14/2024,208.1412353515625,209.82156019179843,207.80318596290513,209.4934480776034,1020800
11/15/2024,203.17982482910156,205.96377888981652,202.37445043502495,205.8245811867808,1775400
11/18/2024,204.62152099609375,205.47659694525908,203.27924549483487,203.8161617639032,1323400
11/19/2024,206.02345275878906,206.22230445746678,203.4582248830336,203.53776859678715,1283600
11/20/2024,205.92401123046875,206.0383581591351,203.20964848023857,205.90412150995905,2509100
11/21/2024,206.68960571289062,207.45518547958736,203.62724113186925,207.16685280418662,3741000
11/22/2024,206.9878692626953,207.27621710059174,205.7649169915708,206.44103092379504,1603300
11/25/2024,207.3159942626953,209.29460429709349,206.4062405441411,208.68809676092002,1484800
11/26/2024,208.42958068847656,208.7477403529694,207.5844420555912,207.92249144018086,1175800
11/27/2024,206.8089141845703,207.98214978083985,205.42687445144335,207.95232278577615,1384200
11/29/2024,208.59860229492188,208.82728097271303,206.7890170781624,207.0475379213629,823500
12/02/2024,210.8854522705078,211.27321839641303,209.03610263048012,209.1255836199785,1647000
12/03/2024,211.53170776367188,211.63114119193722,210.1148648536518,210.31869276160796,1030600
12/04/2024,214.13670349121094,214.23613692122137,212.6651827898066,212.94357818814225,1823800
12/05/2024,213.5699920654297,214.4459439110137,213.42084190878947,214.22621634325657,870500
12/06/2024,215.47897338867188,215.55751578322543,213.7986485960944,213.85830258399946,1054900
12/09/2024,213.80859375,215.4153524300353,213.31245825041532,215.07132550236784,1864800
12/10/2024,213.05294799804688,215.00173094962545,212.49615720371338,214.26596301630687,1863900
12/11/2024,216.8809051513672,217.1493480998627,214.71835703779774,214.85257851204548,1848200
12/12/2024,215.48892211914062,216.46332121142984,215.29007042508158,215.97612166528523,1325600
12/13/2024,217.1593017578125,218.1734499117235,215.80708904785328,217.09964776892494,1437000
12/16/2024,220.2415313720703,220.649187173842,218.1535659936249,218.18339298678765,1637300
12/17/2024,219.31687927246094,219.97310350983804,218.59106377007137,219.50579368971296,2469100
12/18/2024,211.42233276367188,219.70860838860045,210.78599828137698,218.9887552899683,3030500
12/19/2024,210.40817260742188,213.51031652988956,210.29185339924496,213.3015124002249,2434100
12/20/2024,212.31719970703125,214.7830094120747,208.49919233145857,208.91678546584188,3053000
12/23/2024,214.35841369628906,214.47789513031668,211.5803640008696,212.9444943509122,1816700
12/24/2024,217.27589416503906,217.285845887429,214.9259962361299,215.1450556764623,1786500
12/26/2024,217.10659790039062,217.7637761892118,215.80220823811945,216.56891624174418,970300
12/27/2024,214.2289581298828,215.8021961299406,212.28730892500593,215.62297398493706,1696000
12/30/2024,211.35133361816406,212.85487920376906,209.85775494751618,211.31151153873932,3511900
